Student_ID,Hours_Studied,Attendance_Pct,Past_Grade,Teacher_Notes,Handwritten_Grade_Label,Student_Category,Final_Score
1001,4.4,70.5,74.3,Needs significant improvement in fundamentals.,1,Average,60.9
1002,9.6,69.9,88.3,Outstanding performance this semester and shows excellent analytical thinking.,0,Top 5%,92.1
1003,7.6,96.3,85.6,Highly engaged in class discussions and outstanding performance this semester.,3,Average,91.1
1004,6.4,70.0,49.2,Shows excellent analytical thinking but frequently distracted during lectures.,9,Average,67.8
1005,2.4,70.9,49.0,Needs significant improvement in fundamentals.,8,Dropout Risk,45.3
1006,2.4,90.4,56.1,Highly engaged in class discussions.,3,Average,58.1
1007,1.5,78.0,61.7,Struggling with algebra concepts.,3,Dropout Risk,46.6
1008,8.8,91.1,64.5,Consistently submits assignments on time and demonstrates great understanding of core concepts.,6,Average,87.4
1009,6.4,62.6,80.8,Shows excellent analytical thinking but inconsistent attendance affecting performance.,8,Average,76.1
1010,7.4,79.5,43.4,Frequently distracted during lectures but shows excellent analytical thinking.,6,Average,69.5
1011,1.2,61.3,42.1,Struggling with algebra concepts and finds it difficult to keep up with the pace.,0,Dropout Risk,39.4
1012,9.7,62.5,63.5,Shows excellent analytical thinking but finds it difficult to keep up with the pace.,0,Average,80.3
1013,8.5,96.3,81.8,Outstanding performance this semester and consistently submits assignments on time.,3,Top 5%,99.4
1014,2.9,65.6,51.6,Frequently distracted during lectures.,3,Dropout Risk,49.1
1015,2.6,81.3,78.5,Active participant and eager to learn and outstanding performance this semester.,0,Average,65.7
1016,2.7,76.4,55.6,Inconsistent attendance affecting performance.,5,Dropout Risk,49.0
1017,3.7,73.9,93.2,Outstanding performance this semester.,9,Average,68.2
1018,5.7,96.0,93.7,Consistently submits assignments on time and outstanding performance this semester.,1,Average,86.8
1019,4.9,60.9,57.8,Inconsistent attendance affecting performance.,4,Average,64.0
1020,3.6,86.6,53.8,Highly engaged in class discussions but frequently distracted during lectures.,7,Average,58.9
1021,6.5,98.5,64.7,Highly engaged in class discussions and shows excellent analytical thinking.,2,Average,77.0
1022,2.3,82.4,54.4,Needs significant improvement in fundamentals but highly engaged in class discussions.,8,Dropout Risk,52.4
1023,3.6,97.5,80.3,Active participant and eager to learn and outstanding performance this semester.,6,Average,71.4
1024,4.3,62.1,89.6,Outstanding performance this semester but finds it difficult to keep up with the pace.,8,Average,71.0
1025,5.1,76.8,80.4,Outstanding performance this semester and shows excellent analytical thinking.,0,Average,65.6
1026,8.1,70.4,89.5,Outstanding performance this semester and shows excellent analytical thinking.,4,Average,91.5
1027,2.8,89.2,63.8,Consistently submits assignments on time.,2,Average,58.8
1028,5.6,99.3,49.4,Needs significant improvement in fundamentals but consistently submits assignments on time.,3,Average,72.8
1029,6.3,70.3,84.3,Shows excellent analytical thinking and outstanding performance this semester.,3,Average,70.6
1030,1.4,86.2,61.6,Highly engaged in class discussions but struggling with algebra concepts.,6,Average,58.8
1031,6.5,67.9,80.3,Demonstrates great understanding of core concepts and outstanding performance this semester.,9,Average,78.5
1032,2.5,82.6,56.2,Consistently submits assignments on time.,7,Average,58.1
1033,1.6,78.6,44.9,Frequently distracted during lectures and needs significant improvement in fundamentals.,9,Dropout Risk,42.1
1034,9.5,98.9,99.6,Outstanding performance this semester and consistently submits assignments on time.,4,Top 5%,100.0
1035,9.7,84.3,49.4,Demonstrates great understanding of core concepts but needs significant improvement in fundamentals.,9,Average,73.1
1036,8.3,74.0,99.3,Shows excellent analytical thinking and outstanding performance this semester.,6,Average,89.6
1037,3.7,64.6,98.6,Outstanding performance this semester but finds it difficult to keep up with the pace.,2,Average,77.1
1038,1.9,66.0,87.6,Outstanding performance this semester but needs significant improvement in fundamentals.,2,Average,65.4
1039,7.2,69.0,79.6,Demonstrates great understanding of core concepts and outstanding performance this semester.,2,Average,77.7
1040,5.0,70.0,74.7,Inconsistent attendance affecting performance.,3,Average,63.4
1041,2.1,94.0,92.0,Consistently submits assignments on time and outstanding performance this semester.,5,Average,75.6
1042,5.5,82.4,57.4,Consistently submits assignments on time and shows excellent analytical thinking.,4,Average,66.9
1043,1.3,80.9,68.1,Struggling with algebra concepts but active participant and eager to learn.,7,Dropout Risk,44.5
1044,9.2,64.6,77.2,Finds it difficult to keep up with the pace but demonstrates great understanding of core concepts.,4,Average,86.3
1045,3.3,94.4,64.7,Active participant and eager to learn.,4,Average,65.7
1046,7.0,88.9,65.6,Shows excellent analytical thinking and highly engaged in class discussions.,9,Average,83.3
1047,3.8,62.7,59.8,Inconsistent attendance affecting performance.,1,Dropout Risk,50.6
1048,5.7,88.3,73.9,Active participant and eager to learn and demonstrates great understanding of core concepts.,4,Average,60.0
1049,5.9,81.7,91.0,Outstanding performance this semester and active participant and eager to learn.,6,Average,83.1
1050,2.7,63.3,52.1,Inconsistent attendance affecting performance and needs significant improvement in fundamentals.,1,Dropout Risk,50.6
1051,9.7,78.3,96.1,Outstanding performance this semester and shows excellent analytical thinking.,5,Average,87.5
1052,8.0,79.4,81.3,Outstanding performance this semester and demonstrates great understanding of core concepts.,6,Average,79.4
1053,9.5,66.6,89.4,Outstanding performance this semester and shows excellent analytical thinking.,4,Top 5%,100.0
1054,9.1,97.8,73.4,Active participant and eager to learn and shows excellent analytical thinking.,8,Average,88.9
1055,6.4,94.0,86.8,Outstanding performance this semester and consistently submits assignments on time.,3,Average,88.9
1056,9.3,86.8,41.0,Needs significant improvement in fundamentals but shows excellent analytical thinking.,9,Average,71.7
1057,1.8,78.5,89.1,Outstanding performance this semester but struggling with algebra concepts.,0,Average,55.0
1058,2.8,76.5,42.4,Needs significant improvement in fundamentals.,7,Dropout Risk,48.7
1059,1.4,86.0,93.4,Outstanding performance this semester but needs significant improvement in fundamentals.,7,Average,66.8
1060,3.9,81.8,99.5,Highly engaged in class discussions and outstanding performance this semester.,6,Average,76.1
1061,4.5,62.5,57.6,Finds it difficult to keep up with the pace.,7,Average,57.0
1062,3.4,80.5,52.6,Frequently distracted during lectures but active participant and eager to learn.,1,Average,58.6
1063,8.5,92.3,85.9,Shows excellent analytical thinking and outstanding performance this semester.,2,Average,90.9
1064,4.2,78.4,55.2,Needs significant improvement in fundamentals.,8,Dropout Risk,54.0
1065,3.5,62.1,91.9,Finds it difficult to keep up with the pace but outstanding performance this semester.,0,Average,70.2
1066,5.9,91.5,46.2,Highly engaged in class discussions but frequently distracted during lectures.,7,Average,56.8
1067,2.3,68.1,47.6,Frequently distracted during lectures.,7,Dropout Risk,37.1
1068,8.2,70.3,98.7,Outstanding performance this semester and shows excellent analytical thinking.,6,Top 5%,93.1
1069,1.7,66.6,80.4,Struggling with algebra concepts but outstanding performance this semester.,4,Average,60.5
1070,9.9,73.2,90.8,Outstanding performance this semester and demonstrates great understanding of core concepts.,3,Top 5%,92.6
1071,8.0,90.3,59.5,Demonstrates great understanding of core concepts and active participant and eager to learn.,9,Average,71.7
1072,2.8,80.8,80.6,Highly engaged in class discussions and outstanding performance this semester.,9,Average,62.7
1073,1.0,68.2,75.7,Struggling with algebra concepts but outstanding performance this semester.,9,Dropout Risk,53.1
1074,8.3,95.1,76.2,Shows excellent analytical thinking and highly engaged in class discussions.,9,Average,80.2
1075,7.4,95.2,81.0,Consistently submits assignments on time and shows excellent analytical thinking.,5,Average,83.0
1076,7.6,94.8,74.5,Consistently submits assignments on time and shows excellent analytical thinking.,0,Average,88.0
1077,7.9,69.6,65.7,Shows excellent analytical thinking.,4,Average,82.1
1078,1.7,78.0,56.6,Struggling with algebra concepts.,3,Dropout Risk,49.8
1079,4.2,99.4,86.1,Outstanding performance this semester and highly engaged in class discussions.,3,Average,82.8
1080,2.0,90.9,53.6,Active participant and eager to learn but frequently distracted during lectures.,6,Dropout Risk,46.3
1081,8.8,61.1,81.5,Finds it difficult to keep up with the pace but outstanding performance this semester.,8,Average,84.9
1082,6.6,62.6,54.0,Needs significant improvement in fundamentals but shows excellent analytical thinking.,7,Average,59.5
1083,4.0,78.6,77.5,Outstanding performance this semester.,7,Average,70.0
1084,1.6,96.4,84.8,Struggling with algebra concepts but active participant and eager to learn.,4,Average,67.1
1085,3.8,81.5,53.1,Needs significant improvement in fundamentals but active participant and eager to learn.,5,Average,65.6
1086,3.9,79.9,43.6,Needs significant improvement in fundamentals.,1,Dropout Risk,50.8
1087,7.6,64.2,47.9,Demonstrates great understanding of core concepts but frequently distracted during lectures.,2,Average,68.0
1088,6.7,86.3,76.4,Demonstrates great understanding of core concepts and outstanding performance this semester.,4,Average,78.6
1089,9.0,92.9,91.0,Active participant and eager to learn and outstanding performance this semester.,1,Top 5%,94.9
1090,5.2,75.2,42.7,Demonstrates great understanding of core concepts but frequently distracted during lectures.,2,Average,57.1
1091,2.1,91.0,84.0,Highly engaged in class discussions and outstanding performance this semester.,3,Average,64.0
1092,7.4,98.6,60.5,Shows excellent analytical thinking and active participant and eager to learn.,5,Average,79.7
1093,7.8,68.2,68.7,Shows excellent analytical thinking.,4,Average,75.1
1094,6.1,80.9,95.7,Demonstrates great understanding of core concepts and outstanding performance this semester.,9,Average,85.0
1095,7.9,71.5,59.9,Demonstrates great understanding of core concepts.,3,Average,73.6
1096,5.4,91.7,67.9,Demonstrates great understanding of core concepts and active participant and eager to learn.,1,Average,77.7
1097,5.7,83.1,40.8,Shows excellent analytical thinking but frequently distracted during lectures.,4,Average,65.8
1098,4.8,85.4,44.9,Consistently submits assignments on time but frequently distracted during lectures.,4,Average,55.3
1099,1.2,91.9,55.5,Consistently submits assignments on time but struggling with algebra concepts.,6,Average,58.4
1100,2.0,75.8,41.7,Needs significant improvement in fundamentals and needs significant improvement in fundamentals.,0,Dropout Risk,40.4
1101,1.3,96.6,77.9,Outstanding performance this semester but struggling with algebra concepts.,3,Average,67.6
1102,6.7,81.3,65.6,Highly engaged in class discussions and demonstrates great understanding of core concepts.,4,Average,77.3
1103,3.8,66.3,72.9,Struggling with algebra concepts.,7,Dropout Risk,52.9
1104,5.6,87.8,50.5,Frequently distracted during lectures but highly engaged in class discussions.,7,Average,66.5
1105,9.2,91.7,57.8,Consistently submits assignments on time and demonstrates great understanding of core concepts.,0,Average,80.4
1106,3.2,72.7,79.8,Outstanding performance this semester.,4,Average,61.3
1107,4.7,94.3,97.9,Active participant and eager to learn and outstanding performance this semester.,9,Average,90.6
1108,7.8,96.2,43.0,Needs significant improvement in fundamentals but consistently submits assignments on time.,0,Average,70.1
1109,3.1,71.1,93.4,Outstanding performance this semester.,0,Average,65.4
1110,1.7,99.3,74.6,Struggling with algebra concepts but highly engaged in class discussions.,1,Average,66.0
1111,3.6,65.6,73.8,Outstanding performance this semester.,1,Average,65.3
1112,2.5,68.1,70.0,Struggling with algebra concepts.,8,Average,56.3
1113,9.4,67.4,44.2,Needs significant improvement in fundamentals but shows excellent analytical thinking.,3,Average,76.5
1114,8.3,95.8,45.4,Consistently submits assignments on time but frequently distracted during lectures.,2,Average,78.5
1115,6.7,86.2,76.1,Demonstrates great understanding of core concepts and outstanding performance this semester.,0,Average,68.8
1116,8.8,66.1,60.5,Shows excellent analytical thinking.,1,Average,72.3
1117,8.2,77.6,95.0,Demonstrates great understanding of core concepts and outstanding performance this semester.,5,Average,87.3
1118,2.7,84.6,64.4,Highly engaged in class discussions.,8,Average,62.9
1119,9.0,63.3,48.6,Finds it difficult to keep up with the pace but shows excellent analytical thinking.,4,Average,56.9
1120,5.9,95.3,82.9,Active participant and eager to learn and shows excellent analytical thinking.,3,Top 5%,95.0
1121,8.3,92.1,57.6,Active participant and eager to learn and demonstrates great understanding of core concepts.,4,Average,82.3
1122,9.1,80.2,71.5,Consistently submits assignments on time and demonstrates great understanding of core concepts.,8,Average,85.1
1123,3.9,98.7,81.9,Outstanding performance this semester and consistently submits assignments on time.,6,Average,81.8
1124,2.0,76.7,94.0,Struggling with algebra concepts but outstanding performance this semester.,7,Average,79.3
1125,3.1,99.4,87.5,Outstanding performance this semester and consistently submits assignments on time.,3,Average,79.9
1126,4.8,86.7,80.6,Outstanding performance this semester and consistently submits assignments on time.,7,Average,79.9
1127,8.4,85.4,80.8,Shows excellent analytical thinking and outstanding performance this semester.,5,Average,87.8
1128,8.7,66.6,96.8,Demonstrates great understanding of core concepts and outstanding performance this semester.,4,Average,88.6
1129,1.1,95.3,57.7,Struggling with algebra concepts but active participant and eager to learn.,6,Dropout Risk,53.0
1130,5.6,77.1,40.1,Needs significant improvement in fundamentals but demonstrates great understanding of core concepts.,5,Average,54.6
1131,4.8,66.5,56.3,Finds it difficult to keep up with the pace but demonstrates great understanding of core concepts.,2,Average,55.7
1132,3.0,60.5,53.1,Frequently distracted during lectures and finds it difficult to keep up with the pace.,4,Dropout Risk,43.1
1133,2.1,82.4,79.7,Outstanding performance this semester and consistently submits assignments on time.,8,Average,63.5
1134,4.0,81.1,78.0,Outstanding performance this semester and highly engaged in class discussions.,6,Average,61.2
1135,9.5,88.8,75.6,Outstanding performance this semester and highly engaged in class discussions.,3,Average,91.0
1136,3.9,95.6,41.0,Needs significant improvement in fundamentals but highly engaged in class discussions.,6,Average,58.6
1137,5.7,63.2,83.7,Demonstrates great understanding of core concepts but finds it difficult to keep up with the pace.,4,Average,73.0
1138,7.3,89.3,59.4,Demonstrates great understanding of core concepts and active participant and eager to learn.,1,Average,73.6
1139,4.3,67.5,79.9,Outstanding performance this semester.,5,Average,82.5
1140,9.7,94.3,73.4,Demonstrates great understanding of core concepts and active participant and eager to learn.,6,Top 5%,98.6
1141,9.7,92.8,60.6,Active participant and eager to learn and shows excellent analytical thinking.,7,Average,79.6
1142,3.3,81.6,48.1,Active participant and eager to learn but needs significant improvement in fundamentals.,5,Average,56.3
1143,5.5,88.4,45.7,Demonstrates great understanding of core concepts but frequently distracted during lectures.,7,Average,60.9
1144,3.7,72.6,89.9,Outstanding performance this semester.,6,Average,65.6
1145,3.6,78.8,95.1,Outstanding performance this semester.,1,Average,67.5
1146,1.3,92.9,79.0,Outstanding performance this semester but needs significant improvement in fundamentals.,5,Average,66.3
1147,6.5,78.4,46.2,Frequently distracted during lectures but demonstrates great understanding of core concepts.,8,Average,61.3
1148,5.5,74.3,64.1,Shows excellent analytical thinking.,5,Average,72.1
1149,1.5,79.8,83.7,Struggling with algebra concepts but outstanding performance this semester.,3,Average,67.5
1150,3.5,93.1,86.8,Highly engaged in class discussions and outstanding performance this semester.,6,Average,81.8
1151,9.2,73.4,47.1,Demonstrates great understanding of core concepts but frequently distracted during lectures.,2,Average,68.7
1152,3.2,67.0,40.0,Frequently distracted during lectures.,4,Dropout Risk,49.5
1153,2.3,88.5,82.7,Outstanding performance this semester and consistently submits assignments on time.,0,Average,70.9
1154,5.4,93.0,61.4,Demonstrates great understanding of core concepts and highly engaged in class discussions.,9,Average,69.0
1155,9.9,64.0,55.3,Inconsistent attendance affecting performance but demonstrates great understanding of core concepts.,2,Average,72.0
1156,3.2,69.6,40.8,Frequently distracted during lectures.,7,Average,56.4
1157,7.0,65.7,72.4,Demonstrates great understanding of core concepts.,8,Average,74.5
1158,7.9,73.9,91.1,Demonstrates great understanding of core concepts and outstanding performance this semester.,8,Average,89.3
1159,3.1,78.0,97.5,Outstanding performance this semester.,9,Average,69.3
1160,7.6,90.0,73.9,Demonstrates great understanding of core concepts and highly engaged in class discussions.,1,Average,76.9
1161,4.3,86.0,70.9,Active participant and eager to learn.,3,Average,66.4
1162,6.7,84.8,45.1,Demonstrates great understanding of core concepts but frequently distracted during lectures.,4,Average,66.3
1163,6.7,74.1,72.9,Demonstrates great understanding of core concepts.,2,Average,69.5
1164,5.8,93.7,62.8,Shows excellent analytical thinking and consistently submits assignments on time.,0,Average,73.5
1165,1.8,78.9,76.4,Struggling with algebra concepts but outstanding performance this semester.,5,Dropout Risk,52.1
1166,8.5,99.2,63.3,Shows excellent analytical thinking and active participant and eager to learn.,9,Average,79.3
1167,3.9,85.4,54.4,Active participant and eager to learn but needs significant improvement in fundamentals.,1,Average,64.3
1168,2.7,65.1,45.7,Frequently distracted during lectures.,8,Dropout Risk,50.2
1169,1.4,87.0,58.9,Consistently submits assignments on time but struggling with algebra concepts.,0,Dropout Risk,52.5
1170,6.3,73.0,45.8,Needs significant improvement in fundamentals but demonstrates great understanding of core concepts.,8,Average,57.2
1171,7.1,87.5,50.6,Frequently distracted during lectures but consistently submits assignments on time.,6,Average,66.2
1172,1.1,62.8,99.2,Finds it difficult to keep up with the pace but outstanding performance this semester.,9,Average,60.7
1173,5.6,67.0,66.6,Shows excellent analytical thinking.,1,Average,69.6
1174,3.0,94.2,71.9,Highly engaged in class discussions.,5,Average,72.3
1175,6.8,69.1,92.4,Demonstrates great understanding of core concepts and outstanding performance this semester.,7,Average,79.0
1176,2.6,93.5,99.7,Outstanding performance this semester and active participant and eager to learn.,1,Average,71.2
1177,7.2,71.2,75.0,Demonstrates great understanding of core concepts.,4,Average,77.9
1178,4.5,85.7,88.7,Consistently submits assignments on time and outstanding performance this semester.,5,Average,72.8
1179,9.4,87.8,59.6,Shows excellent analytical thinking and consistently submits assignments on time.,2,Average,80.6
1180,2.2,80.5,58.3,Consistently submits assignments on time.,1,Average,61.9
1181,4.1,72.2,64.2,Shows excellent analytical thinking.,5,Average,65.7
1182,2.0,68.5,80.4,Outstanding performance this semester.,2,Average,60.6
1183,9.3,61.3,80.9,Inconsistent attendance affecting performance but demonstrates great understanding of core concepts.,1,Average,77.0
1184,8.9,72.2,58.9,Demonstrates great understanding of core concepts.,0,Average,77.4
1185,3.3,86.1,48.0,Needs significant improvement in fundamentals but active participant and eager to learn.,7,Average,62.0
1186,6.9,97.5,77.9,Shows excellent analytical thinking and outstanding performance this semester.,0,Average,82.8
1187,8.4,94.8,47.7,Active participant and eager to learn but frequently distracted during lectures.,4,Average,83.5
1188,6.0,90.6,74.7,Shows excellent analytical thinking and highly engaged in class discussions.,5,Average,84.5
1189,5.8,91.5,81.6,Consistently submits assignments on time and outstanding performance this semester.,2,Average,88.6
1190,3.2,86.6,82.0,Outstanding performance this semester and active participant and eager to learn.,6,Average,71.4
1191,1.8,70.4,85.2,Struggling with algebra concepts but outstanding performance this semester.,1,Average,64.6
1192,9.1,96.3,92.4,Active participant and eager to learn and outstanding performance this semester.,6,Top 5%,100.0
1193,9.1,86.8,70.0,Active participant and eager to learn and shows excellent analytical thinking.,1,Average,88.1
1194,6.7,82.4,83.8,Shows excellent analytical thinking and highly engaged in class discussions.,4,Average,79.2
1195,4.1,64.4,77.2,Inconsistent attendance affecting performance but outstanding performance this semester.,6,Average,62.1
1196,4.1,77.9,51.2,Needs significant improvement in fundamentals.,2,Average,59.5
1197,7.5,78.4,41.5,Demonstrates great understanding of core concepts but needs significant improvement in fundamentals.,3,Average,60.1
1198,9.1,94.6,57.1,Consistently submits assignments on time and shows excellent analytical thinking.,0,Average,82.2
1199,9.0,81.9,66.6,Demonstrates great understanding of core concepts and highly engaged in class discussions.,2,Average,88.1
1200,8.0,75.2,77.0,Demonstrates great understanding of core concepts and outstanding performance this semester.,8,Average,70.5
1201,6.8,99.1,91.0,Demonstrates great understanding of core concepts and outstanding performance this semester.,9,Top 5%,97.5
1202,1.8,64.4,51.8,Struggling with algebra concepts and frequently distracted during lectures.,4,Dropout Risk,51.8
1203,2.5,76.9,47.5,Needs significant improvement in fundamentals.,7,Dropout Risk,48.4
1204,9.1,61.7,97.8,Finds it difficult to keep up with the pace but outstanding performance this semester.,1,Top 5%,92.1
1205,6.5,89.6,46.5,Needs significant improvement in fundamentals but demonstrates great understanding of core concepts.,2,Average,68.1
1206,1.1,96.7,68.7,Highly engaged in class discussions but struggling with algebra concepts.,6,Average,66.4
1207,1.9,71.2,75.1,Needs significant improvement in fundamentals but outstanding performance this semester.,9,Average,63.0
1208,7.0,94.3,72.5,Active participant and eager to learn and shows excellent analytical thinking.,3,Average,74.7
1209,1.0,71.7,45.2,Needs significant improvement in fundamentals and frequently distracted during lectures.,8,Dropout Risk,46.2
1210,2.4,96.4,43.4,Highly engaged in class discussions but frequently distracted during lectures.,6,Dropout Risk,53.8
1211,5.9,90.2,46.3,Consistently submits assignments on time but frequently distracted during lectures.,0,Average,66.8
1212,7.2,92.2,75.1,Outstanding performance this semester and demonstrates great understanding of core concepts.,3,Average,79.4
1213,6.9,60.7,72.7,Demonstrates great understanding of core concepts but finds it difficult to keep up with the pace.,9,Average,80.1
1214,3.0,98.5,54.0,Frequently distracted during lectures but active participant and eager to learn.,5,Average,66.9
1215,7.4,89.1,78.3,Consistently submits assignments on time and outstanding performance this semester.,5,Average,80.3
1216,3.1,72.2,89.2,Outstanding performance this semester.,9,Average,61.6
1217,3.9,93.2,42.5,Consistently submits assignments on time but needs significant improvement in fundamentals.,5,Average,56.8
1218,7.7,71.3,69.9,Demonstrates great understanding of core concepts.,4,Average,78.5
1219,6.8,94.9,81.4,Highly engaged in class discussions and shows excellent analytical thinking.,2,Average,86.2
1220,8.6,64.5,55.1,Shows excellent analytical thinking but finds it difficult to keep up with the pace.,1,Average,77.9
1221,6.9,88.1,58.5,Shows excellent analytical thinking and consistently submits assignments on time.,2,Average,78.0
1222,6.1,81.6,76.8,Outstanding performance this semester and shows excellent analytical thinking.,8,Average,81.5
1223,1.8,63.9,93.9,Finds it difficult to keep up with the pace but outstanding performance this semester.,2,Average,64.8
1224,4.3,69.7,88.6,Outstanding performance this semester.,2,Average,64.5
1225,3.4,60.5,75.0,Inconsistent attendance affecting performance.,0,Average,59.0
1226,3.2,78.8,83.8,Outstanding performance this semester.,1,Average,73.6
1227,9.8,72.1,61.9,Demonstrates great understanding of core concepts.,2,Average,80.3
1228,4.5,83.9,78.5,Highly engaged in class discussions and outstanding performance this semester.,1,Average,75.0
1229,9.0,71.9,68.0,Demonstrates great understanding of core concepts.,7,Average,78.8
1230,6.7,72.0,51.4,Shows excellent analytical thinking but frequently distracted during lectures.,5,Average,60.4
1231,8.2,89.7,82.1,Outstanding performance this semester and consistently submits assignments on time.,6,Average,87.7
1232,5.5,61.9,73.4,Demonstrates great understanding of core concepts but inconsistent attendance affecting performance.,0,Average,68.8
1233,6.2,96.1,61.5,Shows excellent analytical thinking and highly engaged in class discussions.,5,Average,71.8
1234,5.4,94.1,94.7,Highly engaged in class discussions and outstanding performance this semester.,1,Average,83.9
1235,2.8,86.7,41.3,Highly engaged in class discussions but frequently distracted during lectures.,5,Dropout Risk,47.5
1236,7.5,83.7,58.9,Shows excellent analytical thinking and active participant and eager to learn.,2,Average,80.6
1237,3.5,95.7,43.4,Frequently distracted during lectures but consistently submits assignments on time.,6,Average,56.9
1238,1.2,67.4,86.0,Struggling with algebra concepts but outstanding performance this semester.,2,Average,66.2
1239,6.8,63.2,82.1,Shows excellent analytical thinking but finds it difficult to keep up with the pace.,8,Average,83.3
1240,2.6,69.6,59.9,Needs significant improvement in fundamentals but outstanding performance this semester.,2,Dropout Risk,53.5
1241,9.5,91.8,80.5,Demonstrates great understanding of core concepts and active participant and eager to learn.,6,Average,87.8
1242,9.6,61.4,63.8,Demonstrates great understanding of core concepts but inconsistent attendance affecting performance.,3,Average,67.0
1243,9.2,83.3,85.4,Outstanding performance this semester and shows excellent analytical thinking.,7,Average,84.1
1244,4.3,99.8,67.3,Consistently submits assignments on time.,1,Average,65.1
1245,1.1,94.2,64.7,Consistently submits assignments on time but struggling with algebra concepts.,7,Average,65.0
1246,9.4,80.9,96.1,Shows excellent analytical thinking and outstanding performance this semester.,8,Top 5%,96.0
1247,4.9,62.5,55.1,Inconsistent attendance affecting performance.,7,Average,59.7
1248,9.7,93.3,47.2,Shows excellent analytical thinking but frequently distracted during lectures.,5,Average,69.7
1249,9.7,84.0,75.1,Outstanding performance this semester and active participant and eager to learn.,9,Average,83.1
1250,8.7,64.6,98.2,Inconsistent attendance affecting performance but outstanding performance this semester.,0,Top 5%,93.4
1251,3.7,63.8,62.7,Finds it difficult to keep up with the pace.,6,Average,58.4
1252,4.5,96.4,43.7,Needs significant improvement in fundamentals but consistently submits assignments on time.,0,Average,61.3
1253,8.7,86.8,60.4,Highly engaged in class discussions and shows excellent analytical thinking.,6,Average,83.3
1254,3.9,93.2,70.4,Consistently submits assignments on time.,1,Average,77.8
1255,2.5,95.2,49.7,Active participant and eager to learn but needs significant improvement in fundamentals.,7,Average,56.2
1256,6.0,82.9,79.5,Outstanding performance this semester and demonstrates great understanding of core concepts.,1,Average,78.0
1257,9.4,80.7,99.9,Active participant and eager to learn and outstanding performance this semester.,2,Top 5%,98.1
1258,7.3,77.2,67.1,Shows excellent analytical thinking.,2,Average,87.4
1259,6.1,72.7,61.3,Shows excellent analytical thinking.,0,Average,57.3
1260,1.9,77.4,64.0,Struggling with algebra concepts.,4,Average,58.8
1261,6.5,91.0,46.9,Shows excellent analytical thinking but frequently distracted during lectures.,4,Average,68.3
1262,9.9,84.1,93.0,Consistently submits assignments on time and outstanding performance this semester.,9,Top 5%,99.9
1263,2.3,95.7,64.9,Consistently submits assignments on time.,4,Average,59.3
1264,5.7,77.7,63.2,Demonstrates great understanding of core concepts.,8,Average,68.2
1265,8.9,84.3,79.6,Outstanding performance this semester and active participant and eager to learn.,5,Average,91.8
1266,7.7,85.3,66.5,Consistently submits assignments on time and shows excellent analytical thinking.,5,Top 5%,94.6
1267,7.3,83.7,78.9,Shows excellent analytical thinking and outstanding performance this semester.,2,Average,86.2
1268,7.3,88.1,43.7,Needs significant improvement in fundamentals but consistently submits assignments on time.,4,Average,65.3
1269,4.2,69.5,88.8,Outstanding performance this semester.,9,Average,69.1
1270,3.6,80.5,96.4,Outstanding performance this semester and consistently submits assignments on time.,6,Average,73.2
1271,8.3,64.2,78.9,Finds it difficult to keep up with the pace but outstanding performance this semester.,2,Average,70.8
1272,8.3,75.4,97.3,Outstanding performance this semester and shows excellent analytical thinking.,1,Average,88.9
1273,8.8,79.5,49.1,Needs significant improvement in fundamentals but shows excellent analytical thinking.,4,Average,78.0
1274,9.2,86.1,68.6,Active participant and eager to learn and shows excellent analytical thinking.,2,Average,79.2
1275,5.6,98.0,76.1,Demonstrates great understanding of core concepts and outstanding performance this semester.,4,Average,84.7
1276,5.5,84.0,74.9,Shows excellent analytical thinking and highly engaged in class discussions.,8,Average,76.9
1277,8.2,89.7,64.1,Highly engaged in class discussions and shows excellent analytical thinking.,9,Average,77.5
1278,6.8,80.3,60.3,Demonstrates great understanding of core concepts and highly engaged in class discussions.,0,Average,71.5
1279,7.3,85.4,47.6,Frequently distracted during lectures but demonstrates great understanding of core concepts.,3,Average,78.3
1280,8.2,62.8,63.5,Finds it difficult to keep up with the pace but demonstrates great understanding of core concepts.,9,Average,76.5
1281,9.0,70.2,49.8,Frequently distracted during lectures but shows excellent analytical thinking.,4,Average,72.5
1282,4.0,74.5,84.1,Outstanding performance this semester.,1,Average,68.9
1283,4.4,78.9,52.5,Frequently distracted during lectures.,1,Average,60.4
1284,1.8,61.8,43.5,Frequently distracted during lectures and needs significant improvement in fundamentals.,0,Dropout Risk,39.9
1285,6.2,65.6,73.1,Shows excellent analytical thinking.,7,Average,60.1
1286,1.3,71.1,75.7,Struggling with algebra concepts but outstanding performance this semester.,1,Average,66.5
1287,5.2,98.9,92.3,Outstanding performance this semester and shows excellent analytical thinking.,2,Average,85.5
1288,5.9,73.3,74.6,Demonstrates great understanding of core concepts.,1,Average,74.4
1289,3.6,79.3,60.7,Finds it difficult to keep up with the pace but demonstrates great understanding of core concepts.,3,Average,60.3
1290,6.3,67.8,88.2,Demonstrates great understanding of core concepts and outstanding performance this semester.,0,Average,74.1
1291,1.3,84.4,72.4,Struggling with algebra concepts but active participant and eager to learn.,2,Average,57.8
1292,1.3,71.2,44.8,Frequently distracted during lectures and needs significant improvement in fundamentals.,4,Dropout Risk,36.0
1293,8.4,68.3,74.0,Shows excellent analytical thinking.,9,Average,90.9
1294,4.2,80.7,94.5,Active participant and eager to learn and outstanding performance this semester.,0,Average,70.7
1295,2.1,60.2,63.8,Inconsistent attendance affecting performance.,3,Dropout Risk,45.9
1296,5.7,60.3,57.8,Demonstrates great understanding of core concepts but finds it difficult to keep up with the pace.,5,Average,59.0
1297,7.9,68.8,48.6,Demonstrates great understanding of core concepts but frequently distracted during lectures.,3,Average,74.3
1298,2.9,61.5,49.1,Inconsistent attendance affecting performance and needs significant improvement in fundamentals.,6,Dropout Risk,48.4
1299,6.6,64.3,66.0,Demonstrates great understanding of core concepts but finds it difficult to keep up with the pace.,6,Average,62.6
1300,1.8,73.6,75.7,Outstanding performance this semester but struggling with algebra concepts.,5,Average,64.8
1301,1.5,92.1,44.8,Needs significant improvement in fundamentals but active participant and eager to learn.,8,Average,54.3
1302,5.8,82.9,96.4,Highly engaged in class discussions and shows excellent analytical thinking.,1,Average,86.3
1303,5.9,80.5,85.3,Demonstrates great understanding of core concepts and highly engaged in class discussions.,9,Average,82.4
1304,6.7,71.7,75.2,Demonstrates great understanding of core concepts and outstanding performance this semester.,7,Average,87.2
1305,7.5,97.3,89.7,Highly engaged in class discussions and shows excellent analytical thinking.,7,Top 5%,100.0
1306,9.8,75.9,44.8,Frequently distracted during lectures but shows excellent analytical thinking.,9,Average,71.5
1307,5.6,63.5,68.6,Inconsistent attendance affecting performance but shows excellent analytical thinking.,3,Average,74.4
1308,3.9,84.7,77.8,Highly engaged in class discussions and outstanding performance this semester.,5,Average,72.1
1309,8.2,64.6,89.7,Outstanding performance this semester but inconsistent attendance affecting performance.,5,Average,86.3
1310,3.4,73.8,87.0,Outstanding performance this semester.,4,Average,60.5
1311,5.0,80.3,56.6,Highly engaged in class discussions.,0,Average,63.2
1312,1.7,95.0,96.5,Struggling with algebra concepts but highly engaged in class discussions.,2,Average,69.0
1313,1.2,79.7,47.5,Struggling with algebra concepts and frequently distracted during lectures.,6,Dropout Risk,51.3
1314,9.7,88.1,92.5,Active participant and eager to learn and shows excellent analytical thinking.,7,Top 5%,100.0
1315,8.5,99.7,98.3,Active participant and eager to learn and outstanding performance this semester.,1,Average,88.7
1316,7.3,65.3,50.6,Shows excellent analytical thinking but needs significant improvement in fundamentals.,2,Average,65.1
1317,4.7,71.0,83.3,Outstanding performance this semester.,3,Average,76.6
1318,2.6,75.8,42.4,Frequently distracted during lectures.,4,Dropout Risk,47.7
1319,2.4,76.9,64.3,Inconsistent attendance affecting performance.,2,Average,60.9
1320,3.3,76.4,71.0,Needs significant improvement in fundamentals but highly engaged in class discussions.,4,Average,64.5
1321,5.9,96.3,74.8,Consistently submits assignments on time and demonstrates great understanding of core concepts.,7,Average,81.3
1322,7.4,88.6,96.2,Demonstrates great understanding of core concepts and outstanding performance this semester.,7,Average,89.7
1323,6.9,84.3,80.3,Active participant and eager to learn and demonstrates great understanding of core concepts.,1,Average,75.6
1324,3.5,72.4,68.9,Frequently distracted during lectures but demonstrates great understanding of core concepts.,5,Average,56.0
1325,9.6,93.0,88.6,Outstanding performance this semester and shows excellent analytical thinking.,3,Top 5%,100.0
1326,7.6,98.2,97.0,Shows excellent analytical thinking and consistently submits assignments on time.,8,Top 5%,95.1
1327,6.0,92.8,41.3,Needs significant improvement in fundamentals but shows excellent analytical thinking.,9,Average,64.7
1328,6.5,60.1,99.0,Outstanding performance this semester but finds it difficult to keep up with the pace.,1,Average,78.2
1329,4.8,85.5,45.2,Highly engaged in class discussions but needs significant improvement in fundamentals.,7,Average,58.9
1330,3.2,62.0,88.9,Finds it difficult to keep up with the pace but outstanding performance this semester.,0,Average,70.7
1331,4.2,70.3,56.8,Needs significant improvement in fundamentals.,5,Average,56.9
1332,7.8,62.4,47.9,Shows excellent analytical thinking but needs significant improvement in fundamentals.,9,Average,58.6
1333,1.1,84.2,66.4,Highly engaged in class discussions but needs significant improvement in fundamentals.,0,Average,59.5
1334,2.0,87.5,78.6,Highly engaged in class discussions and outstanding performance this semester.,1,Average,63.8
1335,1.4,64.6,62.9,Struggling with algebra concepts and inconsistent attendance affecting performance.,2,Dropout Risk,49.6
1336,1.4,75.4,43.3,Frequently distracted during lectures and struggling with algebra concepts.,8,Dropout Risk,52.7
1337,8.7,78.2,76.0,Demonstrates great understanding of core concepts and outstanding performance this semester.,4,Average,84.2
1338,7.3,74.8,94.1,Demonstrates great understanding of core concepts and outstanding performance this semester.,9,Average,87.2
1339,5.3,64.8,63.0,Demonstrates great understanding of core concepts but inconsistent attendance affecting performance.,9,Average,57.2
1340,1.9,76.8,53.0,Struggling with algebra concepts and frequently distracted during lectures.,1,Dropout Risk,49.7
1341,5.4,90.0,66.6,Shows excellent analytical thinking and highly engaged in class discussions.,9,Average,75.7
1342,5.3,62.8,42.9,Demonstrates great understanding of core concepts but frequently distracted during lectures.,4,Dropout Risk,46.7
1343,2.6,63.2,89.2,Outstanding performance this semester but finds it difficult to keep up with the pace.,4,Average,64.6
1344,4.9,74.2,89.6,Outstanding performance this semester.,0,Average,75.8
1345,4.6,97.7,75.3,Outstanding performance this semester and active participant and eager to learn.,2,Average,75.7
1346,6.5,86.7,61.2,Demonstrates great understanding of core concepts and highly engaged in class discussions.,4,Average,78.6
1347,6.7,87.1,88.0,Outstanding performance this semester and consistently submits assignments on time.,8,Average,86.5
1348,1.4,74.5,73.3,Needs significant improvement in fundamentals.,9,Average,64.0
1349,4.4,83.7,89.6,Outstanding performance this semester and highly engaged in class discussions.,0,Average,71.3
1350,6.6,60.4,77.9,Finds it difficult to keep up with the pace but outstanding performance this semester.,7,Average,73.2
1351,5.5,85.4,87.1,Consistently submits assignments on time and shows excellent analytical thinking.,0,Average,80.2
1352,8.7,96.5,75.9,Highly engaged in class discussions and outstanding performance this semester.,8,Average,84.5
1353,6.9,84.5,64.8,Shows excellent analytical thinking and consistently submits assignments on time.,5,Average,80.3
1354,2.5,94.9,97.5,Consistently submits assignments on time and outstanding performance this semester.,0,Average,87.7
1355,1.6,89.0,72.5,Active participant and eager to learn but needs significant improvement in fundamentals.,7,Average,61.3
1356,6.8,64.8,76.3,Inconsistent attendance affecting performance but outstanding performance this semester.,4,Average,76.2
1357,1.2,96.1,53.2,Needs significant improvement in fundamentals but consistently submits assignments on time.,6,Average,54.9
1358,6.3,62.7,77.5,Inconsistent attendance affecting performance but outstanding performance this semester.,6,Average,68.2
1359,9.5,81.4,74.3,Active participant and eager to learn and shows excellent analytical thinking.,6,Average,78.1
1360,6.2,65.7,51.1,Shows excellent analytical thinking but needs significant improvement in fundamentals.,5,Average,58.2
1361,4.5,60.5,43.6,Frequently distracted during lectures and inconsistent attendance affecting performance.,7,Dropout Risk,44.3
1362,6.8,76.9,76.3,Shows excellent analytical thinking and outstanding performance this semester.,8,Average,85.9
1363,5.1,71.8,85.8,Outstanding performance this semester and demonstrates great understanding of core concepts.,1,Average,73.2
1364,5.9,79.4,71.4,Demonstrates great understanding of core concepts.,6,Average,71.4
1365,9.5,83.1,53.6,Needs significant improvement in fundamentals but shows excellent analytical thinking.,1,Average,84.0
1366,4.5,61.7,80.0,Outstanding performance this semester but finds it difficult to keep up with the pace.,5,Average,60.6
1367,9.7,64.9,44.8,Demonstrates great understanding of core concepts but frequently distracted during lectures.,1,Average,67.3
1368,9.1,82.3,66.5,Consistently submits assignments on time and shows excellent analytical thinking.,9,Average,83.7
1369,2.8,73.7,49.8,Needs significant improvement in fundamentals.,5,Average,56.9
1370,1.6,89.2,51.1,Highly engaged in class discussions but frequently distracted during lectures.,1,Average,55.4
1371,1.9,86.1,52.1,Frequently distracted during lectures but consistently submits assignments on time.,0,Average,54.6
1372,1.2,93.8,63.2,Active participant and eager to learn but needs significant improvement in fundamentals.,6,Average,57.9
1373,1.8,87.7,43.1,Active participant and eager to learn but needs significant improvement in fundamentals.,2,Dropout Risk,52.0
1374,7.1,77.2,63.9,Shows excellent analytical thinking.,3,Average,74.7
1375,1.6,86.9,70.7,Active participant and eager to learn but needs significant improvement in fundamentals.,5,Average,54.9
1376,3.9,71.0,69.0,Frequently distracted during lectures.,4,Average,62.7
1377,8.6,72.3,63.0,Demonstrates great understanding of core concepts.,3,Average,71.6
1378,1.2,91.6,90.3,Outstanding performance this semester but struggling with algebra concepts.,8,Average,68.2
1379,8.3,77.9,48.7,Demonstrates great understanding of core concepts but frequently distracted during lectures.,5,Average,69.6
1380,3.5,91.9,70.3,Consistently submits assignments on time.,5,Average,80.8
1381,2.1,92.9,43.7,Needs significant improvement in fundamentals but consistently submits assignments on time.,1,Dropout Risk,52.4
1382,7.3,94.3,44.3,Highly engaged in class discussions but frequently distracted during lectures.,5,Average,64.4
1383,6.7,96.7,74.4,Shows excellent analytical thinking and active participant and eager to learn.,6,Average,81.4
1384,8.9,77.2,74.0,Demonstrates great understanding of core concepts.,7,Average,86.5
1385,7.6,72.8,92.7,Shows excellent analytical thinking and outstanding performance this semester.,7,Top 5%,93.9
1386,8.2,83.3,73.5,Active participant and eager to learn and demonstrates great understanding of core concepts.,8,Average,80.2
1387,3.5,74.8,97.6,Outstanding performance this semester.,9,Average,66.0
1388,2.6,84.0,42.9,Needs significant improvement in fundamentals but consistently submits assignments on time.,2,Average,55.6
1389,7.8,88.2,45.9,Needs significant improvement in fundamentals but demonstrates great understanding of core concepts.,9,Average,65.1
1390,8.3,87.5,42.6,Needs significant improvement in fundamentals but demonstrates great understanding of core concepts.,6,Average,70.1
1391,9.9,75.0,51.1,Shows excellent analytical thinking but frequently distracted during lectures.,6,Average,76.4
1392,4.7,66.7,72.5,Consistently submits assignments on time.,0,Average,65.1
1393,4.3,77.2,78.7,Outstanding performance this semester.,7,Average,73.3
1394,8.0,65.7,42.7,Needs significant improvement in fundamentals but demonstrates great understanding of core concepts.,3,Average,61.3
1395,4.1,95.6,96.8,Outstanding performance this semester and highly engaged in class discussions.,4,Average,80.3
1396,9.4,73.8,90.5,Demonstrates great understanding of core concepts and outstanding performance this semester.,5,Average,91.1
1397,8.7,66.2,57.8,Demonstrates great understanding of core concepts.,2,Average,74.3
1398,4.9,61.0,44.6,Frequently distracted during lectures and inconsistent attendance affecting performance.,4,Dropout Risk,53.7
1399,7.8,85.8,50.2,Frequently distracted during lectures but shows excellent analytical thinking.,9,Average,75.2
1400,7.8,85.5,47.6,Frequently distracted during lectures but shows excellent analytical thinking.,4,Average,76.2
1401,1.9,73.6,47.4,Struggling with algebra concepts and needs significant improvement in fundamentals.,0,Dropout Risk,49.8
1402,9.1,62.9,71.1,Demonstrates great understanding of core concepts but finds it difficult to keep up with the pace.,2,Average,81.5
1403,5.5,76.4,54.8,Frequently distracted during lectures but shows excellent analytical thinking.,2,Average,56.3
1404,8.4,72.4,61.5,Demonstrates great understanding of core concepts.,0,Average,76.1
1405,3.9,87.1,99.4,Highly engaged in class discussions and outstanding performance this semester.,6,Average,81.9
1406,9.1,84.2,81.1,Active participant and eager to learn and demonstrates great understanding of core concepts.,0,Top 5%,93.0
1407,4.5,74.6,96.9,Outstanding performance this semester.,6,Average,73.4
1408,1.1,68.7,48.6,Struggling with algebra concepts and frequently distracted during lectures.,3,Dropout Risk,40.6
1409,9.1,99.5,62.9,Highly engaged in class discussions and demonstrates great understanding of core concepts.,8,Average,84.2
1410,1.8,78.2,73.3,Struggling with algebra concepts.,6,Average,61.8
1411,3.9,87.5,44.6,Needs significant improvement in fundamentals but highly engaged in class discussions.,4,Average,62.8
1412,9.6,65.6,40.3,Demonstrates great understanding of core concepts but frequently distracted during lectures.,6,Average,67.2
1413,9.6,79.4,80.2,Outstanding performance this semester and shows excellent analytical thinking.,8,Top 5%,93.9
1414,6.2,61.1,78.5,Inconsistent attendance affecting performance but demonstrates great understanding of core concepts.,9,Average,71.9
1415,6.7,80.2,64.6,Demonstrates great understanding of core concepts and active participant and eager to learn.,5,Average,72.7
1416,5.0,98.6,69.4,Consistently submits assignments on time and demonstrates great understanding of core concepts.,0,Average,73.9
1417,3.6,75.4,64.9,Highly engaged in class discussions but struggling with algebra concepts.,5,Average,65.1
1418,4.0,61.6,41.4,Frequently distracted during lectures and finds it difficult to keep up with the pace.,0,Dropout Risk,50.5
1419,7.1,61.2,60.1,Finds it difficult to keep up with the pace but shows excellent analytical thinking.,3,Average,78.5
1420,7.8,75.5,50.6,Shows excellent analytical thinking but frequently distracted during lectures.,7,Average,65.8
1421,8.1,66.4,45.9,Frequently distracted during lectures but demonstrates great understanding of core concepts.,4,Average,69.3
1422,8.1,60.9,97.4,Outstanding performance this semester but inconsistent attendance affecting performance.,4,Average,83.0
1423,1.8,90.2,76.0,Needs significant improvement in fundamentals but active participant and eager to learn.,9,Average,59.5
1424,5.4,78.3,83.7,Outstanding performance this semester and shows excellent analytical thinking.,7,Average,76.0
1425,1.5,71.6,58.9,Needs significant improvement in fundamentals.,7,Dropout Risk,51.0
1426,5.9,96.0,63.6,Active participant and eager to learn and shows excellent analytical thinking.,0,Average,89.6
1427,5.0,64.6,54.2,Frequently distracted during lectures and inconsistent attendance affecting performance.,4,Average,57.6
1428,9.0,98.2,45.8,Needs significant improvement in fundamentals but demonstrates great understanding of core concepts.,4,Average,73.6
1429,4.2,72.6,50.7,Needs significant improvement in fundamentals.,7,Average,58.0
1430,2.1,95.5,87.9,Consistently submits assignments on time and outstanding performance this semester.,0,Average,60.6
1431,2.3,84.1,80.7,Outstanding performance this semester and consistently submits assignments on time.,6,Average,65.0
1432,7.9,93.1,72.8,Highly engaged in class discussions and shows excellent analytical thinking.,6,Average,84.6
1433,6.6,99.4,68.5,Demonstrates great understanding of core concepts and consistently submits assignments on time.,8,Average,84.2
1434,1.9,71.5,95.3,Outstanding performance this semester but needs significant improvement in fundamentals.,1,Average,71.2
1435,1.8,98.4,44.4,Needs significant improvement in fundamentals but active participant and eager to learn.,2,Dropout Risk,50.9
1436,7.3,75.6,56.8,Demonstrates great understanding of core concepts.,3,Average,70.2
1437,1.7,75.4,61.0,Struggling with algebra concepts.,0,Dropout Risk,49.0
1438,8.4,73.6,86.9,Demonstrates great understanding of core concepts and outstanding performance this semester.,6,Average,80.6
1439,7.4,81.7,99.6,Outstanding performance this semester and consistently submits assignments on time.,9,Average,91.6
1440,1.7,66.2,54.4,Frequently distracted during lectures and needs significant improvement in fundamentals.,2,Dropout Risk,41.3
1441,1.8,82.1,92.5,Highly engaged in class discussions but struggling with algebra concepts.,2,Average,65.7
1442,9.9,81.7,89.8,Outstanding performance this semester and shows excellent analytical thinking.,2,Average,90.0
1443,4.4,90.5,53.5,Active participant and eager to learn but frequently distracted during lectures.,7,Average,66.6
1444,4.3,93.3,64.0,Active participant and eager to learn.,8,Average,77.8
1445,8.3,77.6,64.6,Shows excellent analytical thinking.,9,Average,71.7
1446,9.5,72.1,98.7,Shows excellent analytical thinking and outstanding performance this semester.,1,Average,85.2
1447,9.9,70.4,50.9,Shows excellent analytical thinking but frequently distracted during lectures.,9,Average,75.4
1448,7.8,67.8,87.9,Shows excellent analytical thinking and outstanding performance this semester.,9,Average,82.8
1449,4.4,62.3,60.1,Finds it difficult to keep up with the pace.,0,Average,59.2
1450,1.8,73.7,83.9,Outstanding performance this semester but needs significant improvement in fundamentals.,8,Average,59.5
1451,8.0,70.8,65.2,Shows excellent analytical thinking.,5,Average,74.3
1452,6.0,98.7,74.7,Consistently submits assignments on time and shows excellent analytical thinking.,8,Average,82.4
1453,4.8,82.3,90.0,Outstanding performance this semester and highly engaged in class discussions.,5,Average,82.7
1454,9.2,73.9,88.2,Outstanding performance this semester and demonstrates great understanding of core concepts.,1,Average,79.7
1455,2.0,83.2,92.0,Outstanding performance this semester and consistently submits assignments on time.,0,Average,66.9
1456,5.4,65.6,43.6,Frequently distracted during lectures but shows excellent analytical thinking.,7,Average,57.2
1457,1.1,77.8,81.5,Needs significant improvement in fundamentals but outstanding performance this semester.,2,Average,55.2
1458,5.2,85.0,48.4,Highly engaged in class discussions but frequently distracted during lectures.,0,Average,71.8
1459,1.5,79.6,64.9,Struggling with algebra concepts.,7,Dropout Risk,51.9
1460,2.1,76.1,72.9,Struggling with algebra concepts.,0,Average,59.0
1461,2.1,99.8,64.2,Highly engaged in class discussions.,7,Average,65.6
1462,6.8,95.2,71.2,Consistently submits assignments on time and demonstrates great understanding of core concepts.,0,Average,78.0
1463,7.7,84.9,99.8,Shows excellent analytical thinking and active participant and eager to learn.,8,Average,83.2
1464,6.3,82.8,48.1,Shows excellent analytical thinking but frequently distracted during lectures.,8,Average,63.8
1465,9.7,84.8,80.5,Outstanding performance this semester and demonstrates great understanding of core concepts.,8,Top 5%,96.6
1466,4.4,68.1,63.8,Finds it difficult to keep up with the pace.,2,Average,59.5
1467,3.6,75.8,48.0,Frequently distracted during lectures.,3,Dropout Risk,50.2
1468,8.8,61.6,49.5,Shows excellent analytical thinking but finds it difficult to keep up with the pace.,4,Average,73.8
1469,3.0,79.0,97.0,Outstanding performance this semester.,5,Average,71.4
1470,9.7,81.7,92.8,Demonstrates great understanding of core concepts and consistently submits assignments on time.,8,Top 5%,92.9
1471,1.1,69.1,94.4,Outstanding performance this semester but struggling with algebra concepts.,3,Average,63.1
1472,9.7,98.6,99.5,Shows excellent analytical thinking and active participant and eager to learn.,5,Top 5%,100.0
1473,1.4,96.4,52.5,Highly engaged in class discussions but needs significant improvement in fundamentals.,0,Average,66.7
1474,9.0,88.9,61.3,Shows excellent analytical thinking and active participant and eager to learn.,1,Average,86.9
1475,5.7,81.3,80.2,Outstanding performance this semester and shows excellent analytical thinking.,7,Average,82.4
1476,9.9,94.8,69.0,Demonstrates great understanding of core concepts and consistently submits assignments on time.,3,Average,88.3
1477,1.7,65.2,65.1,Struggling with algebra concepts.,9,Dropout Risk,46.3
1478,6.0,91.6,61.5,Highly engaged in class discussions and shows excellent analytical thinking.,6,Average,73.3
1479,9.7,65.0,75.6,Inconsistent attendance affecting performance but shows excellent analytical thinking.,3,Average,84.3
1480,5.7,91.8,74.5,Demonstrates great understanding of core concepts and highly engaged in class discussions.,8,Average,71.9
1481,6.7,71.0,49.7,Shows excellent analytical thinking but frequently distracted during lectures.,8,Average,63.6
1482,7.3,95.1,68.3,Shows excellent analytical thinking and active participant and eager to learn.,3,Average,83.3
1483,5.1,97.8,73.2,Consistently submits assignments on time and shows excellent analytical thinking.,7,Average,78.2
1484,6.6,66.0,74.2,Demonstrates great understanding of core concepts.,5,Average,75.3
1485,6.3,78.5,52.6,Needs significant improvement in fundamentals but shows excellent analytical thinking.,0,Average,68.0
1486,9.1,99.2,84.5,Active participant and eager to learn and shows excellent analytical thinking.,6,Top 5%,92.9
1487,1.4,79.3,41.5,Needs significant improvement in fundamentals and needs significant improvement in fundamentals.,0,Dropout Risk,42.8
1488,3.5,94.5,61.3,Consistently submits assignments on time.,2,Average,59.2
1489,9.6,83.5,86.8,Demonstrates great understanding of core concepts and highly engaged in class discussions.,7,Top 5%,100.0
1490,9.0,75.0,73.8,Shows excellent analytical thinking.,8,Average,83.6
1491,5.1,71.4,55.7,Shows excellent analytical thinking.,2,Average,60.4
1492,6.6,68.1,81.7,Shows excellent analytical thinking and outstanding performance this semester.,0,Average,71.5
1493,3.5,90.5,74.0,Highly engaged in class discussions.,0,Average,83.7
1494,2.7,75.5,87.8,Outstanding performance this semester.,6,Average,61.8
1495,5.2,80.5,84.1,Outstanding performance this semester and shows excellent analytical thinking.,4,Average,73.7
1496,4.2,79.7,76.6,Outstanding performance this semester.,0,Average,71.3
1497,6.3,83.1,69.3,Demonstrates great understanding of core concepts and active participant and eager to learn.,5,Average,77.5
1498,1.7,94.6,48.0,Consistently submits assignments on time but struggling with algebra concepts.,5,Average,58.3
1499,9.8,99.2,55.7,Demonstrates great understanding of core concepts and consistently submits assignments on time.,3,Top 5%,95.3
1500,9.9,76.3,65.1,Shows excellent analytical thinking.,6,Average,86.0
1501,7.3,93.1,76.0,Outstanding performance this semester and consistently submits assignments on time.,6,Average,78.5
1502,5.8,90.6,70.8,Shows excellent analytical thinking and consistently submits assignments on time.,8,Average,74.6
1503,3.8,82.9,57.3,Consistently submits assignments on time.,0,Average,62.6
1504,8.3,98.2,40.4,Frequently distracted during lectures but highly engaged in class discussions.,4,Average,85.1
1505,7.2,68.0,69.8,Demonstrates great understanding of core concepts.,9,Average,66.4
1506,2.5,64.4,57.1,Inconsistent attendance affecting performance.,2,Average,56.8
1507,9.2,94.2,84.1,Shows excellent analytical thinking and consistently submits assignments on time.,6,Top 5%,95.0
1508,8.4,77.6,41.4,Frequently distracted during lectures but shows excellent analytical thinking.,3,Average,73.4
1509,9.5,93.9,75.1,Outstanding performance this semester and consistently submits assignments on time.,3,Average,91.1
1510,7.5,95.7,96.5,Shows excellent analytical thinking and outstanding performance this semester.,0,Average,89.5
1511,6.5,62.5,50.5,Frequently distracted during lectures but demonstrates great understanding of core concepts.,0,Average,65.5
1512,4.8,95.3,68.3,Consistently submits assignments on time.,9,Average,75.9
1513,9.4,77.9,45.5,Shows excellent analytical thinking but needs significant improvement in fundamentals.,1,Average,79.3
1514,8.8,80.4,77.5,Outstanding performance this semester and demonstrates great understanding of core concepts.,1,Average,85.9
1515,1.4,85.1,73.0,Needs significant improvement in fundamentals but active participant and eager to learn.,0,Average,56.7
1516,1.2,97.1,64.4,Needs significant improvement in fundamentals but active participant and eager to learn.,7,Dropout Risk,51.4
1517,4.4,60.8,71.3,Inconsistent attendance affecting performance.,5,Average,66.2
1518,8.3,79.1,93.8,Demonstrates great understanding of core concepts and outstanding performance this semester.,5,Top 5%,92.4
1519,9.9,87.5,51.8,Frequently distracted during lectures but shows excellent analytical thinking.,9,Average,76.7
1520,2.4,88.9,41.4,Consistently submits assignments on time but frequently distracted during lectures.,9,Dropout Risk,48.8
1521,6.3,87.7,91.7,Outstanding performance this semester and active participant and eager to learn.,8,Average,82.9
1522,4.4,65.4,74.6,Frequently distracted during lectures.,4,Average,57.5
1523,9.7,72.0,93.4,Shows excellent analytical thinking and outstanding performance this semester.,3,Average,88.9
1524,8.6,74.3,75.8,Outstanding performance this semester and demonstrates great understanding of core concepts.,5,Average,77.0
1525,8.5,92.2,88.6,Consistently submits assignments on time and shows excellent analytical thinking.,7,Average,90.9
1526,5.2,71.2,65.8,Shows excellent analytical thinking.,0,Average,62.2
1527,4.7,68.4,85.0,Outstanding performance this semester.,6,Average,63.0
1528,3.5,98.3,94.8,Highly engaged in class discussions and outstanding performance this semester.,7,Average,89.6
1529,1.5,60.4,74.3,Finds it difficult to keep up with the pace and needs significant improvement in fundamentals.,8,Average,59.4
1530,8.8,99.9,50.8,Frequently distracted during lectures but consistently submits assignments on time.,7,Average,77.2
1531,8.3,87.1,56.1,Shows excellent analytical thinking and consistently submits assignments on time.,6,Average,79.0
1532,10.0,93.1,51.9,Shows excellent analytical thinking but frequently distracted during lectures.,2,Average,85.8
1533,10.0,71.8,54.8,Frequently distracted during lectures but shows excellent analytical thinking.,1,Average,84.3
1534,6.0,60.6,58.4,Demonstrates great understanding of core concepts but finds it difficult to keep up with the pace.,2,Average,58.4
1535,7.9,89.5,73.3,Active participant and eager to learn and shows excellent analytical thinking.,3,Average,89.4
1536,9.5,93.4,75.3,Consistently submits assignments on time and demonstrates great understanding of core concepts.,3,Average,88.6
1537,8.6,89.6,65.6,Shows excellent analytical thinking and consistently submits assignments on time.,5,Average,76.7
1538,3.2,65.7,76.9,Outstanding performance this semester.,6,Average,65.4
1539,5.1,90.1,44.9,Needs significant improvement in fundamentals but shows excellent analytical thinking.,3,Average,69.1
1540,2.2,90.8,45.3,Active participant and eager to learn but needs significant improvement in fundamentals.,9,Average,65.8
1541,9.6,86.3,50.3,Needs significant improvement in fundamentals but shows excellent analytical thinking.,5,Average,73.6
1542,6.5,90.6,71.1,Shows excellent analytical thinking and consistently submits assignments on time.,8,Average,81.7
1543,3.1,93.8,52.8,Frequently distracted during lectures but highly engaged in class discussions.,5,Average,57.9
1544,7.0,84.5,57.0,Shows excellent analytical thinking and consistently submits assignments on time.,2,Average,76.7
1545,6.6,63.5,64.0,Demonstrates great understanding of core concepts but inconsistent attendance affecting performance.,0,Average,60.3
1546,4.2,79.5,88.7,Outstanding performance this semester.,9,Average,67.8
1547,2.0,63.1,40.8,Inconsistent attendance affecting performance and needs significant improvement in fundamentals.,9,Dropout Risk,38.5
1548,7.0,76.3,79.0,Outstanding performance this semester and demonstrates great understanding of core concepts.,4,Average,79.5
1549,5.7,76.3,80.1,Shows excellent analytical thinking and outstanding performance this semester.,9,Average,71.6
1550,8.0,62.6,87.9,Finds it difficult to keep up with the pace but shows excellent analytical thinking.,9,Average,85.1
1551,5.7,74.0,96.0,Demonstrates great understanding of core concepts and outstanding performance this semester.,2,Average,85.6
1552,8.7,64.4,41.2,Demonstrates great understanding of core concepts but finds it difficult to keep up with the pace.,7,Average,69.2
1553,6.0,92.3,49.2,Frequently distracted during lectures but highly engaged in class discussions.,9,Average,76.4
1554,6.0,97.9,93.2,Consistently submits assignments on time and shows excellent analytical thinking.,0,Average,89.9
1555,8.9,62.9,67.5,Finds it difficult to keep up with the pace but shows excellent analytical thinking.,1,Average,70.9
1556,4.6,98.2,73.9,Highly engaged in class discussions.,2,Average,82.0
1557,2.2,80.9,79.8,Outstanding performance this semester and consistently submits assignments on time.,2,Average,60.9
1558,1.3,72.0,80.7,Struggling with algebra concepts but outstanding performance this semester.,7,Average,62.9
1559,7.8,63.1,95.9,Inconsistent attendance affecting performance but outstanding performance this semester.,4,Top 5%,92.4
1560,6.6,80.0,99.8,Outstanding performance this semester and demonstrates great understanding of core concepts.,7,Average,89.3
1561,7.3,91.8,83.2,Demonstrates great understanding of core concepts and highly engaged in class discussions.,5,Average,79.0
1562,2.9,88.3,57.2,Highly engaged in class discussions.,1,Average,55.0
1563,2.2,62.0,92.8,Finds it difficult to keep up with the pace but outstanding performance this semester.,3,Average,70.1
1564,1.1,62.9,43.0,Frequently distracted during lectures and needs significant improvement in fundamentals.,8,Dropout Risk,39.2
1565,4.2,76.1,53.9,Needs significant improvement in fundamentals.,3,Average,59.3
1566,6.3,71.8,93.8,Shows excellent analytical thinking and outstanding performance this semester.,4,Average,85.0
1567,4.5,69.3,55.4,Needs significant improvement in fundamentals.,4,Average,62.3
1568,4.9,71.2,53.2,Needs significant improvement in fundamentals.,9,Average,61.3
1569,9.1,92.1,48.3,Shows excellent analytical thinking but needs significant improvement in fundamentals.,7,Average,77.9
1570,4.1,97.2,91.5,Outstanding performance this semester and highly engaged in class discussions.,5,Average,78.7
1571,5.6,76.2,70.0,Shows excellent analytical thinking.,9,Average,74.8
1572,8.1,96.2,80.5,Highly engaged in class discussions and outstanding performance this semester.,6,Top 5%,92.0
1573,4.6,72.9,54.3,Frequently distracted during lectures.,5,Average,58.3
1574,6.6,79.1,85.5,Outstanding performance this semester and demonstrates great understanding of core concepts.,4,Average,86.4
1575,8.8,69.0,85.6,Shows excellent analytical thinking and outstanding performance this semester.,4,Average,85.0
1576,9.5,85.6,58.8,Demonstrates great understanding of core concepts and active participant and eager to learn.,2,Average,78.3
1577,2.3,99.2,64.6,Highly engaged in class discussions.,6,Average,59.9
1578,9.3,84.1,52.6,Needs significant improvement in fundamentals but highly engaged in class discussions.,9,Average,74.1
1579,5.4,74.3,98.6,Demonstrates great understanding of core concepts and outstanding performance this semester.,4,Average,79.4
1580,3.3,85.9,78.7,Outstanding performance this semester and highly engaged in class discussions.,6,Average,75.1
1581,5.1,64.9,96.1,Shows excellent analytical thinking but inconsistent attendance affecting performance.,1,Average,71.8
1582,9.8,95.5,58.2,Demonstrates great understanding of core concepts and active participant and eager to learn.,8,Average,87.3
1583,5.4,80.1,86.9,Outstanding performance this semester and consistently submits assignments on time.,7,Average,74.5
1584,4.0,78.0,86.0,Outstanding performance this semester.,4,Average,70.3
1585,6.7,83.4,81.5,Outstanding performance this semester and demonstrates great understanding of core concepts.,1,Average,73.5
1586,3.2,85.0,97.9,Outstanding performance this semester and active participant and eager to learn.,5,Average,74.6
1587,1.7,62.9,63.6,Needs significant improvement in fundamentals and inconsistent attendance affecting performance.,7,Dropout Risk,49.2
1588,2.2,87.3,47.8,Needs significant improvement in fundamentals but consistently submits assignments on time.,6,Average,55.6
1589,2.2,69.7,80.3,Outstanding performance this semester.,7,Average,61.7
1590,2.4,88.6,83.8,Active participant and eager to learn and outstanding performance this semester.,3,Average,62.4
1591,2.2,92.9,74.5,Highly engaged in class discussions.,2,Average,71.0
1592,6.8,92.2,52.4,Active participant and eager to learn but needs significant improvement in fundamentals.,6,Average,73.4
1593,2.6,82.1,70.3,Consistently submits assignments on time.,1,Average,63.0
1594,4.1,80.8,58.7,Highly engaged in class discussions.,4,Average,62.1
1595,9.1,65.7,65.6,Shows excellent analytical thinking.,6,Average,75.1
1596,5.3,91.0,78.7,Consistently submits assignments on time and demonstrates great understanding of core concepts.,0,Average,78.3
1597,7.0,70.9,84.7,Outstanding performance this semester and demonstrates great understanding of core concepts.,3,Average,82.0
1598,2.6,79.9,53.9,Needs significant improvement in fundamentals.,1,Dropout Risk,45.7
1599,2.7,71.4,64.3,Frequently distracted during lectures but outstanding performance this semester.,5,Average,54.0
1600,1.4,65.4,56.1,Struggling with algebra concepts.,0,Dropout Risk,45.6
1601,2.5,85.2,51.9,Frequently distracted during lectures but consistently submits assignments on time.,6,Average,56.4
1602,3.5,62.2,87.0,Outstanding performance this semester but finds it difficult to keep up with the pace.,2,Average,71.7
1603,2.6,89.9,94.6,Outstanding performance this semester and active participant and eager to learn.,0,Average,70.0
1604,1.8,72.7,62.2,Struggling with algebra concepts.,7,Dropout Risk,50.5
1605,2.1,60.0,85.1,Inconsistent attendance affecting performance but outstanding performance this semester.,6,Average,56.8
1606,5.1,80.4,93.8,Demonstrates great understanding of core concepts and outstanding performance this semester.,1,Average,75.7
1607,2.9,61.9,90.8,Outstanding performance this semester but finds it difficult to keep up with the pace.,6,Average,63.1
1608,4.3,71.0,51.0,Frequently distracted during lectures.,2,Average,60.5
1609,5.5,88.3,97.4,Demonstrates great understanding of core concepts and outstanding performance this semester.,8,Average,79.5
1610,7.2,62.5,62.6,Demonstrates great understanding of core concepts but finds it difficult to keep up with the pace.,7,Average,71.2
1611,1.4,93.6,60.4,Struggling with algebra concepts but active participant and eager to learn.,4,Dropout Risk,48.4
1612,8.2,60.2,43.7,Finds it difficult to keep up with the pace but demonstrates great understanding of core concepts.,6,Average,61.4
1613,6.7,69.9,69.2,Demonstrates great understanding of core concepts.,2,Average,70.3
1614,1.7,89.6,46.5,Consistently submits assignments on time but struggling with algebra concepts.,0,Average,60.0
1615,8.9,72.7,54.9,Needs significant improvement in fundamentals but demonstrates great understanding of core concepts.,0,Average,73.4
1616,9.3,64.1,59.0,Inconsistent attendance affecting performance but shows excellent analytical thinking.,1,Average,64.3
1617,1.5,74.4,88.5,Outstanding performance this semester but struggling with algebra concepts.,7,Dropout Risk,53.2
1618,3.5,70.8,92.5,Outstanding performance this semester.,0,Average,70.6
1619,8.3,93.7,58.1,Active participant and eager to learn and shows excellent analytical thinking.,4,Average,83.3
1620,7.7,72.5,91.5,Demonstrates great understanding of core concepts and outstanding performance this semester.,8,Average,87.3
1621,2.7,91.6,91.4,Outstanding performance this semester and consistently submits assignments on time.,8,Average,74.2
1622,2.9,95.7,85.9,Consistently submits assignments on time and outstanding performance this semester.,1,Average,79.0
1623,4.3,77.4,48.8,Needs significant improvement in fundamentals.,6,Average,55.2
1624,5.4,96.4,81.4,Outstanding performance this semester and highly engaged in class discussions.,0,Average,84.7
1625,6.6,75.1,96.7,Outstanding performance this semester and shows excellent analytical thinking.,2,Average,76.0
1626,4.3,98.6,81.0,Active participant and eager to learn and outstanding performance this semester.,5,Average,72.5
1627,5.2,63.6,59.9,Demonstrates great understanding of core concepts but finds it difficult to keep up with the pace.,8,Dropout Risk,52.1
1628,7.7,87.5,70.0,Shows excellent analytical thinking and consistently submits assignments on time.,9,Average,79.9
1629,1.3,79.8,78.7,Struggling with algebra concepts but outstanding performance this semester.,1,Average,59.8
1630,3.3,75.5,70.6,Struggling with algebra concepts.,6,Average,62.9
1631,7.4,85.3,47.2,Highly engaged in class discussions but frequently distracted during lectures.,3,Average,70.8
1632,9.1,88.2,58.7,Shows excellent analytical thinking and consistently submits assignments on time.,1,Average,77.0
1633,5.6,60.2,88.1,Shows excellent analytical thinking but finds it difficult to keep up with the pace.,2,Average,72.0
1634,5.8,66.7,91.7,Outstanding performance this semester and demonstrates great understanding of core concepts.,5,Average,69.5
1635,2.0,88.5,48.2,Highly engaged in class discussions but struggling with algebra concepts.,9,Average,59.5
1636,5.0,86.7,97.1,Outstanding performance this semester and demonstrates great understanding of core concepts.,8,Average,80.9
1637,5.8,98.6,59.7,Active participant and eager to learn and demonstrates great understanding of core concepts.,7,Average,71.3
1638,3.2,90.4,79.7,Consistently submits assignments on time and outstanding performance this semester.,9,Average,78.1
1639,3.4,98.0,85.1,Active participant and eager to learn and outstanding performance this semester.,8,Average,69.2
1640,4.4,88.1,88.7,Highly engaged in class discussions and outstanding performance this semester.,3,Average,71.7
1641,1.2,71.9,96.7,Outstanding performance this semester but needs significant improvement in fundamentals.,3,Average,58.9
1642,3.9,64.2,58.8,Finds it difficult to keep up with the pace.,8,Average,56.1
1643,2.9,91.3,91.5,Outstanding performance this semester and highly engaged in class discussions.,7,Average,76.3
1644,3.9,85.8,47.9,Needs significant improvement in fundamentals but consistently submits assignments on time.,1,Average,62.4
1645,2.1,61.9,82.3,Inconsistent attendance affecting performance but outstanding performance this semester.,7,Average,71.6
1646,9.0,74.4,84.5,Demonstrates great understanding of core concepts and outstanding performance this semester.,0,Average,76.4
1647,6.3,98.3,80.7,Active participant and eager to learn and demonstrates great understanding of core concepts.,8,Average,87.0
1648,7.1,80.0,55.1,Active participant and eager to learn and demonstrates great understanding of core concepts.,8,Average,68.2
1649,8.1,77.3,92.4,Outstanding performance this semester and demonstrates great understanding of core concepts.,7,Average,85.6
1650,5.5,78.3,50.1,Demonstrates great understanding of core concepts but needs significant improvement in fundamentals.,4,Average,59.6
1651,1.8,68.4,43.2,Frequently distracted during lectures and needs significant improvement in fundamentals.,4,Dropout Risk,39.5
1652,5.8,74.7,83.0,Shows excellent analytical thinking and outstanding performance this semester.,2,Average,84.5
1653,6.3,74.8,68.5,Demonstrates great understanding of core concepts.,4,Average,76.0
1654,7.7,62.1,90.9,Shows excellent analytical thinking but inconsistent attendance affecting performance.,3,Average,82.1
1655,4.9,90.7,63.0,Consistently submits assignments on time.,0,Average,76.3
1656,2.1,76.7,50.1,Frequently distracted during lectures.,8,Dropout Risk,43.0
1657,3.6,92.9,90.2,Outstanding performance this semester and active participant and eager to learn.,9,Average,69.7
1658,4.3,94.0,72.9,Highly engaged in class discussions.,3,Average,61.4
1659,6.8,68.5,51.4,Frequently distracted during lectures but shows excellent analytical thinking.,2,Average,61.4
1660,6.1,86.3,83.2,Outstanding performance this semester and shows excellent analytical thinking.,5,Average,81.5
1661,4.2,78.9,70.7,Consistently submits assignments on time.,0,Average,67.2
1662,9.9,95.2,76.3,Shows excellent analytical thinking and active participant and eager to learn.,4,Top 5%,94.4
1663,6.5,68.6,67.7,Demonstrates great understanding of core concepts.,6,Average,63.2
1664,3.1,87.1,89.7,Outstanding performance this semester and highly engaged in class discussions.,1,Average,77.0
1665,1.9,84.3,89.8,Active participant and eager to learn but needs significant improvement in fundamentals.,9,Average,69.1
1666,2.4,71.8,82.6,Outstanding performance this semester.,8,Average,66.5
1667,3.2,65.5,46.3,Needs significant improvement in fundamentals.,5,Dropout Risk,40.0
1668,2.4,86.1,90.3,Consistently submits assignments on time and outstanding performance this semester.,1,Average,72.1
1669,2.7,89.5,80.3,Outstanding performance this semester and consistently submits assignments on time.,7,Average,62.4
1670,3.6,72.6,81.8,Outstanding performance this semester.,7,Average,65.0
1671,2.6,85.8,61.8,Active participant and eager to learn.,0,Average,62.1
1672,9.1,75.8,92.8,Demonstrates great understanding of core concepts and outstanding performance this semester.,0,Top 5%,92.0
1673,1.7,88.5,83.5,Needs significant improvement in fundamentals but active participant and eager to learn.,0,Average,61.7
1674,5.7,68.0,46.8,Demonstrates great understanding of core concepts but frequently distracted during lectures.,3,Average,59.1
1675,4.7,95.6,64.5,Active participant and eager to learn.,3,Average,63.2
1676,9.8,71.5,93.2,Outstanding performance this semester and shows excellent analytical thinking.,7,Top 5%,98.9
1677,2.0,74.7,42.8,Needs significant improvement in fundamentals.,0,Dropout Risk,45.5
1678,4.6,62.3,97.7,Outstanding performance this semester but finds it difficult to keep up with the pace.,9,Average,79.4
1679,9.7,64.5,80.7,Inconsistent attendance affecting performance but demonstrates great understanding of core concepts.,2,Average,83.0
1680,8.8,80.6,77.9,Highly engaged in class discussions and demonstrates great understanding of core concepts.,0,Average,83.5
1681,8.4,70.7,56.2,Demonstrates great understanding of core concepts.,8,Average,69.1
1682,3.3,93.4,54.9,Needs significant improvement in fundamentals but highly engaged in class discussions.,9,Average,66.0
1683,2.5,60.6,96.5,Outstanding performance this semester but finds it difficult to keep up with the pace.,8,Average,62.1
1684,7.0,75.2,57.9,Shows excellent analytical thinking.,6,Average,73.5
1685,9.4,73.5,86.5,Outstanding performance this semester and shows excellent analytical thinking.,7,Average,87.5
1686,6.0,60.8,63.6,Demonstrates great understanding of core concepts but finds it difficult to keep up with the pace.,0,Average,54.8
1687,6.1,65.0,48.4,Frequently distracted during lectures but demonstrates great understanding of core concepts.,4,Average,57.5
1688,3.5,76.5,40.6,Frequently distracted during lectures.,1,Dropout Risk,45.6
1689,7.9,79.7,72.7,Demonstrates great understanding of core concepts.,0,Average,80.9
1690,2.7,76.2,98.5,Outstanding performance this semester.,2,Average,65.7
1691,3.9,81.2,62.1,Active participant and eager to learn.,6,Average,67.6
1692,4.8,83.8,61.4,Consistently submits assignments on time.,0,Average,66.2
1693,5.6,60.4,60.6,Finds it difficult to keep up with the pace but shows excellent analytical thinking.,1,Average,61.0
1694,3.2,78.6,71.2,Demonstrates great understanding of core concepts.,1,Average,66.5
1695,2.0,98.5,66.4,Consistently submits assignments on time.,3,Average,68.1
1696,6.5,80.8,92.8,Highly engaged in class discussions and outstanding performance this semester.,2,Average,84.0
1697,3.6,87.1,70.3,Active participant and eager to learn.,2,Average,63.0
1698,6.2,72.5,70.5,Shows excellent analytical thinking.,9,Average,62.9
1699,2.4,91.0,48.3,Consistently submits assignments on time but frequently distracted during lectures.,4,Dropout Risk,51.5
1700,5.3,90.9,99.0,Outstanding performance this semester and active participant and eager to learn.,2,Average,82.4
1701,5.8,80.9,55.0,Frequently distracted during lectures but consistently submits assignments on time.,6,Average,67.1
1702,1.5,99.0,44.4,Needs significant improvement in fundamentals but highly engaged in class discussions.,4,Dropout Risk,50.9
1703,4.0,65.0,79.8,Outstanding performance this semester.,3,Average,69.0
1704,2.2,60.7,75.7,Outstanding performance this semester but finds it difficult to keep up with the pace.,2,Dropout Risk,53.2
1705,1.6,90.8,64.9,Active participant and eager to learn but struggling with algebra concepts.,3,Average,58.4
1706,9.9,92.3,65.3,Consistently submits assignments on time and shows excellent analytical thinking.,1,Top 5%,94.4
1707,3.9,64.8,87.1,Inconsistent attendance affecting performance but outstanding performance this semester.,0,Average,69.6
1708,8.3,70.6,51.7,Frequently distracted during lectures but shows excellent analytical thinking.,2,Average,70.6
1709,3.3,60.7,89.2,Outstanding performance this semester but finds it difficult to keep up with the pace.,1,Average,62.4
1710,7.1,71.7,78.9,Outstanding performance this semester and shows excellent analytical thinking.,0,Average,74.9
1711,7.8,90.9,65.1,Demonstrates great understanding of core concepts and highly engaged in class discussions.,0,Average,76.5
1712,6.4,80.7,67.5,Demonstrates great understanding of core concepts and active participant and eager to learn.,1,Average,70.8
1713,5.2,73.9,55.4,Shows excellent analytical thinking.,8,Average,66.5
1714,4.7,74.9,85.1,Outstanding performance this semester.,4,Average,71.9
1715,4.1,60.1,70.8,Inconsistent attendance affecting performance.,8,Average,54.1
1716,9.4,72.0,59.3,Shows excellent analytical thinking.,7,Average,86.9
1717,8.5,85.9,75.8,Outstanding performance this semester and highly engaged in class discussions.,5,Average,87.3
1718,9.7,99.0,99.7,Demonstrates great understanding of core concepts and active participant and eager to learn.,0,Top 5%,96.5
1719,2.1,93.9,66.1,Highly engaged in class discussions.,9,Average,59.8
1720,7.6,60.9,95.2,Finds it difficult to keep up with the pace but outstanding performance this semester.,4,Average,83.5
1721,9.4,95.9,60.7,Consistently submits assignments on time and demonstrates great understanding of core concepts.,0,Top 5%,94.6
1722,2.6,91.3,43.3,Consistently submits assignments on time but needs significant improvement in fundamentals.,6,Dropout Risk,48.4
1723,1.6,91.2,52.3,Highly engaged in class discussions but needs significant improvement in fundamentals.,9,Average,58.7
1724,7.7,78.3,65.1,Shows excellent analytical thinking.,7,Average,83.4
1725,6.2,75.9,53.2,Needs significant improvement in fundamentals but demonstrates great understanding of core concepts.,7,Average,62.5
1726,8.6,72.1,40.0,Shows excellent analytical thinking but frequently distracted during lectures.,6,Average,66.3
1727,2.3,62.6,94.9,Finds it difficult to keep up with the pace but outstanding performance this semester.,1,Average,59.5
1728,8.2,69.1,90.6,Demonstrates great understanding of core concepts and outstanding performance this semester.,4,Average,84.5
1729,2.8,69.9,84.5,Outstanding performance this semester.,3,Average,64.4
1730,2.5,79.4,50.1,Needs significant improvement in fundamentals.,4,Average,55.8
1731,2.5,89.9,47.2,Frequently distracted during lectures but highly engaged in class discussions.,9,Average,60.0
1732,8.3,79.0,44.1,Shows excellent analytical thinking but frequently distracted during lectures.,8,Average,66.7
1733,7.0,62.3,83.4,Finds it difficult to keep up with the pace but outstanding performance this semester.,3,Average,66.7
1734,5.7,98.3,95.7,Demonstrates great understanding of core concepts and consistently submits assignments on time.,7,Average,87.7
1735,4.2,97.7,65.8,Consistently submits assignments on time.,7,Average,71.9
1736,8.9,91.4,47.1,Consistently submits assignments on time but frequently distracted during lectures.,1,Average,78.7
1737,4.5,99.7,70.7,Active participant and eager to learn.,5,Average,72.4
1738,8.3,81.8,60.9,Demonstrates great understanding of core concepts and consistently submits assignments on time.,4,Average,78.8
1739,5.0,98.5,62.5,Consistently submits assignments on time.,1,Average,79.5
1740,4.4,63.0,77.3,Inconsistent attendance affecting performance but outstanding performance this semester.,9,Average,67.1
1741,5.2,74.6,83.1,Outstanding performance this semester and shows excellent analytical thinking.,3,Average,71.8
1742,3.7,69.0,46.6,Needs significant improvement in fundamentals.,6,Dropout Risk,49.9
1743,7.7,67.8,42.1,Shows excellent analytical thinking but frequently distracted during lectures.,0,Average,63.4
1744,5.5,65.6,99.7,Demonstrates great understanding of core concepts and outstanding performance this semester.,8,Average,87.1
1745,3.1,84.9,54.0,Consistently submits assignments on time but needs significant improvement in fundamentals.,9,Average,57.0
1746,9.1,91.3,43.2,Frequently distracted during lectures but demonstrates great understanding of core concepts.,0,Average,76.4
1747,4.5,83.1,51.4,Frequently distracted during lectures but highly engaged in class discussions.,4,Average,58.7
1748,5.9,65.9,42.3,Shows excellent analytical thinking but frequently distracted during lectures.,6,Average,62.8
1749,9.2,92.4,63.5,Active participant and eager to learn and demonstrates great understanding of core concepts.,7,Top 5%,95.0
1750,6.6,85.4,88.1,Outstanding performance this semester and demonstrates great understanding of core concepts.,1,Average,86.3
1751,2.1,75.5,60.5,Needs significant improvement in fundamentals.,3,Average,54.4
1752,9.5,87.0,66.7,Shows excellent analytical thinking and active participant and eager to learn.,1,Average,86.0
1753,6.6,70.4,80.5,Demonstrates great understanding of core concepts and outstanding performance this semester.,3,Average,64.7
1754,4.0,73.8,70.5,Consistently submits assignments on time.,5,Average,68.1
1755,2.3,96.7,91.7,Outstanding performance this semester and consistently submits assignments on time.,5,Average,74.2
1756,8.1,71.6,92.0,Demonstrates great understanding of core concepts and outstanding performance this semester.,1,Average,88.9
1757,6.6,78.8,40.6,Demonstrates great understanding of core concepts but frequently distracted during lectures.,3,Average,59.4
1758,5.8,95.6,86.7,Outstanding performance this semester and active participant and eager to learn.,3,Average,81.7
1759,9.0,88.3,67.6,Highly engaged in class discussions and demonstrates great understanding of core concepts.,0,Average,83.2
1760,8.1,62.5,99.3,Finds it difficult to keep up with the pace but shows excellent analytical thinking.,1,Top 5%,91.9
1761,2.4,65.9,69.0,Finds it difficult to keep up with the pace.,2,Dropout Risk,53.7
1762,3.8,60.3,99.2,Finds it difficult to keep up with the pace but outstanding performance this semester.,4,Average,81.5
1763,3.2,85.2,85.3,Outstanding performance this semester and consistently submits assignments on time.,7,Average,73.2
1764,7.7,77.9,54.9,Frequently distracted during lectures but demonstrates great understanding of core concepts.,5,Average,65.9
1765,1.3,65.4,72.3,Needs significant improvement in fundamentals.,2,Dropout Risk,52.4
1766,6.1,98.3,99.5,Consistently submits assignments on time and shows excellent analytical thinking.,5,Average,87.5
1767,7.9,81.2,91.5,Demonstrates great understanding of core concepts and highly engaged in class discussions.,6,Average,77.5
1768,8.9,69.7,45.8,Demonstrates great understanding of core concepts but frequently distracted during lectures.,5,Average,78.4
1769,4.1,80.0,82.4,Highly engaged in class discussions and outstanding performance this semester.,9,Average,74.8
1770,8.4,87.2,60.7,Consistently submits assignments on time and demonstrates great understanding of core concepts.,5,Average,82.5
1771,2.0,63.0,40.4,Inconsistent attendance affecting performance and struggling with algebra concepts.,0,Dropout Risk,42.9
1772,8.6,71.0,64.2,Shows excellent analytical thinking.,2,Average,70.2
1773,2.1,92.3,54.1,Active participant and eager to learn but frequently distracted during lectures.,6,Average,54.4
1774,4.6,78.4,89.1,Outstanding performance this semester.,3,Average,79.4
1775,8.2,81.9,60.2,Active participant and eager to learn and demonstrates great understanding of core concepts.,3,Average,72.0
1776,2.3,77.3,89.7,Outstanding performance this semester.,6,Average,54.6
1777,3.1,61.8,40.0,Finds it difficult to keep up with the pace and needs significant improvement in fundamentals.,8,Dropout Risk,44.1
1778,7.5,66.6,58.5,Shows excellent analytical thinking.,1,Average,68.9
1779,7.5,77.8,54.5,Shows excellent analytical thinking but frequently distracted during lectures.,8,Average,72.0
1780,6.8,68.4,54.0,Frequently distracted during lectures but demonstrates great understanding of core concepts.,2,Average,69.5
1781,7.2,62.0,44.1,Finds it difficult to keep up with the pace but shows excellent analytical thinking.,5,Average,64.8
1782,5.9,93.7,51.2,Consistently submits assignments on time but frequently distracted during lectures.,3,Average,70.5
1783,3.3,99.2,73.3,Highly engaged in class discussions.,0,Average,76.5
1784,4.1,91.7,57.5,Consistently submits assignments on time.,8,Average,57.3
1785,2.6,94.2,65.0,Consistently submits assignments on time.,5,Average,66.0
1786,9.2,69.7,62.6,Demonstrates great understanding of core concepts.,7,Average,81.2
1787,6.3,98.4,92.6,Highly engaged in class discussions and outstanding performance this semester.,1,Average,82.2
1788,4.6,67.9,94.3,Outstanding performance this semester.,6,Average,66.7
1789,5.2,98.1,69.6,Demonstrates great understanding of core concepts and highly engaged in class discussions.,5,Average,71.6
1790,9.5,99.8,59.8,Active participant and eager to learn and demonstrates great understanding of core concepts.,1,Average,83.9
1791,2.4,88.5,46.4,Frequently distracted during lectures but highly engaged in class discussions.,1,Average,57.2
1792,6.3,99.2,97.2,Consistently submits assignments on time and demonstrates great understanding of core concepts.,3,Average,87.5
1793,5.6,82.8,43.6,Demonstrates great understanding of core concepts but needs significant improvement in fundamentals.,3,Average,57.4
1794,6.5,70.4,57.9,Demonstrates great understanding of core concepts.,2,Average,64.0
1795,1.2,77.5,57.9,Struggling with algebra concepts.,7,Average,56.1
1796,8.8,83.7,59.2,Demonstrates great understanding of core concepts and active participant and eager to learn.,6,Average,79.8
1797,9.4,62.9,49.9,Needs significant improvement in fundamentals but shows excellent analytical thinking.,1,Average,70.8
1798,6.1,84.9,87.0,Outstanding performance this semester and demonstrates great understanding of core concepts.,2,Average,81.0
1799,7.3,99.2,47.3,Needs significant improvement in fundamentals but highly engaged in class discussions.,9,Average,80.6
1800,9.3,67.6,78.1,Shows excellent analytical thinking and outstanding performance this semester.,8,Average,80.3
1801,7.4,91.7,47.4,Active participant and eager to learn but needs significant improvement in fundamentals.,4,Average,78.8
1802,2.4,96.3,44.2,Consistently submits assignments on time but frequently distracted during lectures.,1,Average,55.9
1803,6.2,97.7,94.6,Consistently submits assignments on time and outstanding performance this semester.,2,Average,88.0
1804,6.5,98.4,51.4,Needs significant improvement in fundamentals but consistently submits assignments on time.,7,Average,85.2
1805,4.8,80.9,89.3,Consistently submits assignments on time and outstanding performance this semester.,3,Average,71.5
1806,7.6,99.1,72.7,Active participant and eager to learn and shows excellent analytical thinking.,1,Average,83.7
1807,9.4,90.3,44.7,Frequently distracted during lectures but consistently submits assignments on time.,1,Average,71.7
1808,9.3,66.5,97.3,Demonstrates great understanding of core concepts and outstanding performance this semester.,5,Top 5%,96.3
1809,5.1,79.1,54.8,Demonstrates great understanding of core concepts but needs significant improvement in fundamentals.,7,Average,71.8
1810,2.0,88.7,91.6,Active participant and eager to learn and outstanding performance this semester.,6,Average,78.7
1811,9.9,69.9,50.1,Frequently distracted during lectures but shows excellent analytical thinking.,3,Average,81.7
1812,8.6,85.6,91.2,Demonstrates great understanding of core concepts and outstanding performance this semester.,1,Average,91.1
1813,2.1,86.7,40.8,Frequently distracted during lectures but consistently submits assignments on time.,8,Dropout Risk,47.9
1814,9.3,66.5,70.7,Demonstrates great understanding of core concepts.,3,Average,72.4
1815,8.8,82.6,86.2,Consistently submits assignments on time and outstanding performance this semester.,8,Top 5%,100.0
1816,5.7,90.9,96.1,Consistently submits assignments on time and outstanding performance this semester.,4,Average,87.9
1817,6.3,80.0,94.6,Outstanding performance this semester and demonstrates great understanding of core concepts.,6,Average,81.5
1818,4.6,60.5,89.2,Outstanding performance this semester but inconsistent attendance affecting performance.,4,Average,76.5
1819,1.5,60.4,93.3,Outstanding performance this semester but needs significant improvement in fundamentals.,1,Average,55.8
1820,4.0,74.3,52.0,Needs significant improvement in fundamentals.,5,Average,59.2
1821,8.2,97.0,57.1,Consistently submits assignments on time and demonstrates great understanding of core concepts.,6,Average,79.9
1822,1.0,69.1,57.3,Struggling with algebra concepts.,5,Dropout Risk,50.5
1823,4.0,85.4,62.6,Active participant and eager to learn.,2,Average,64.3
1824,4.6,68.9,63.6,Finds it difficult to keep up with the pace.,9,Average,54.9
1825,5.8,72.9,72.7,Demonstrates great understanding of core concepts.,7,Average,71.7
1826,9.3,93.9,49.6,Frequently distracted during lectures but shows excellent analytical thinking.,2,Average,85.7
1827,4.1,89.2,81.5,Consistently submits assignments on time and outstanding performance this semester.,4,Average,73.6
1828,4.1,63.8,50.1,Finds it difficult to keep up with the pace and needs significant improvement in fundamentals.,8,Average,57.5
1829,7.6,77.1,58.6,Shows excellent analytical thinking.,4,Average,68.1
1830,5.1,61.2,70.2,Demonstrates great understanding of core concepts but finds it difficult to keep up with the pace.,6,Average,64.0
1831,3.0,79.2,87.8,Outstanding performance this semester.,6,Average,66.3
1832,5.1,86.5,84.4,Active participant and eager to learn and outstanding performance this semester.,4,Average,81.2
1833,2.3,64.7,78.7,Outstanding performance this semester but finds it difficult to keep up with the pace.,1,Average,59.0
1834,2.6,71.6,49.3,Needs significant improvement in fundamentals.,4,Dropout Risk,53.7
1835,5.5,75.9,72.8,Demonstrates great understanding of core concepts.,6,Average,76.5
1836,4.8,96.8,45.2,Frequently distracted during lectures but active participant and eager to learn.,6,Average,67.3
1837,9.2,99.7,62.6,Shows excellent analytical thinking and active participant and eager to learn.,3,Average,88.7
1838,4.3,61.8,64.8,Inconsistent attendance affecting performance.,0,Average,54.4
1839,6.2,90.4,42.4,Consistently submits assignments on time but needs significant improvement in fundamentals.,5,Average,65.9
1840,6.7,74.9,56.4,Demonstrates great understanding of core concepts.,2,Average,65.8
1841,1.1,75.7,97.3,Outstanding performance this semester but struggling with algebra concepts.,4,Average,63.8
1842,7.0,90.2,97.2,Demonstrates great understanding of core concepts and outstanding performance this semester.,3,Average,88.5
1843,2.6,96.7,61.1,Consistently submits assignments on time.,1,Average,57.7
1844,9.6,98.0,42.6,Active participant and eager to learn but needs significant improvement in fundamentals.,6,Average,70.4
1845,2.3,83.1,50.7,Frequently distracted during lectures but consistently submits assignments on time.,4,Dropout Risk,50.1
1846,4.7,74.3,63.5,Consistently submits assignments on time but needs significant improvement in fundamentals.,6,Average,65.2
1847,1.8,91.5,96.9,Struggling with algebra concepts but consistently submits assignments on time.,8,Average,65.6
1848,10.0,70.0,48.5,Shows excellent analytical thinking but frequently distracted during lectures.,3,Average,75.4
1849,5.5,82.6,85.8,Highly engaged in class discussions and shows excellent analytical thinking.,4,Average,87.9
1850,6.4,74.3,46.5,Demonstrates great understanding of core concepts but frequently distracted during lectures.,8,Average,68.3
1851,1.6,86.3,98.9,Active participant and eager to learn but needs significant improvement in fundamentals.,9,Average,79.3
1852,7.7,69.6,62.9,Demonstrates great understanding of core concepts.,3,Average,75.1
1853,2.9,67.7,86.5,Outstanding performance this semester.,4,Average,70.9
1854,9.1,96.7,60.6,Demonstrates great understanding of core concepts and highly engaged in class discussions.,4,Average,81.4
1855,2.8,64.1,77.7,Inconsistent attendance affecting performance but outstanding performance this semester.,7,Average,57.0
1856,2.7,80.2,51.5,Needs significant improvement in fundamentals but active participant and eager to learn.,3,Dropout Risk,40.5
1857,1.3,68.8,48.8,Needs significant improvement in fundamentals and needs significant improvement in fundamentals.,3,Dropout Risk,50.7
1858,5.2,61.6,96.3,Inconsistent attendance affecting performance but outstanding performance this semester.,6,Average,83.1
1859,6.1,61.4,95.1,Outstanding performance this semester but finds it difficult to keep up with the pace.,4,Average,75.0
1860,1.6,67.0,93.2,Struggling with algebra concepts but outstanding performance this semester.,5,Average,61.7
1861,8.0,94.7,77.5,Demonstrates great understanding of core concepts and highly engaged in class discussions.,5,Average,83.6
1862,5.1,71.3,88.5,Demonstrates great understanding of core concepts and outstanding performance this semester.,5,Average,76.5
1863,5.7,98.0,44.1,Shows excellent analytical thinking but needs significant improvement in fundamentals.,9,Average,72.7
1864,5.0,83.3,60.1,Active participant and eager to learn.,4,Average,57.7
1865,4.6,77.5,58.8,Struggling with algebra concepts.,4,Average,64.9
1866,6.0,83.2,78.1,Demonstrates great understanding of core concepts and consistently submits assignments on time.,8,Average,76.0
1867,2.4,80.7,61.4,Consistently submits assignments on time.,7,Average,57.7
1868,2.6,90.4,48.9,Needs significant improvement in fundamentals but active participant and eager to learn.,3,Average,58.2
1869,8.8,71.3,75.8,Outstanding performance this semester and shows excellent analytical thinking.,6,Average,81.4
1870,9.5,74.1,88.9,Demonstrates great understanding of core concepts and outstanding performance this semester.,7,Average,90.6
1871,4.4,95.8,62.9,Active participant and eager to learn.,8,Average,68.1
1872,3.4,97.9,47.9,Consistently submits assignments on time but needs significant improvement in fundamentals.,4,Average,65.4
1873,6.8,95.7,51.8,Active participant and eager to learn but needs significant improvement in fundamentals.,2,Average,75.3
1874,4.7,76.8,54.2,Frequently distracted during lectures.,3,Average,62.2
1875,1.2,91.2,58.0,Highly engaged in class discussions but needs significant improvement in fundamentals.,9,Dropout Risk,48.5
1876,2.4,79.1,78.6,Outstanding performance this semester.,5,Average,61.7
1877,7.4,79.9,76.1,Shows excellent analytical thinking and outstanding performance this semester.,9,Average,84.9
1878,6.9,68.2,81.8,Outstanding performance this semester and shows excellent analytical thinking.,4,Average,77.6
1879,1.2,83.6,61.8,Struggling with algebra concepts but highly engaged in class discussions.,8,Average,57.4
1880,3.0,67.4,89.4,Outstanding performance this semester.,2,Average,75.3
1881,3.1,73.3,52.2,Frequently distracted during lectures.,1,Average,58.8
1882,7.0,94.2,68.1,Consistently submits assignments on time and shows excellent analytical thinking.,5,Average,80.6
1883,1.2,68.3,88.1,Outstanding performance this semester but struggling with algebra concepts.,6,Average,57.3
1884,1.9,62.8,50.8,Struggling with algebra concepts and needs significant improvement in fundamentals.,4,Dropout Risk,33.2
1885,8.2,62.8,46.6,Shows excellent analytical thinking but inconsistent attendance affecting performance.,0,Average,65.3
1886,2.6,97.6,93.0,Consistently submits assignments on time and outstanding performance this semester.,2,Average,74.0
1887,6.9,80.3,60.6,Consistently submits assignments on time and demonstrates great understanding of core concepts.,2,Average,74.3
1888,3.1,76.4,81.0,Outstanding performance this semester.,3,Average,65.6
1889,1.9,92.4,41.5,Consistently submits assignments on time but needs significant improvement in fundamentals.,9,Dropout Risk,49.4
1890,3.2,93.4,81.4,Outstanding performance this semester and highly engaged in class discussions.,5,Average,62.9
1891,7.5,73.3,59.0,Demonstrates great understanding of core concepts.,4,Average,67.1
1892,8.7,87.7,43.3,Demonstrates great understanding of core concepts but needs significant improvement in fundamentals.,0,Average,76.5
1893,8.5,90.8,76.6,Outstanding performance this semester and consistently submits assignments on time.,5,Top 5%,96.1
1894,4.6,86.2,54.4,Needs significant improvement in fundamentals but highly engaged in class discussions.,8,Average,63.2
1895,7.0,66.1,63.2,Demonstrates great understanding of core concepts.,0,Average,71.3
1896,2.8,95.0,44.8,Frequently distracted during lectures but active participant and eager to learn.,7,Average,61.2
1897,3.6,81.6,48.8,Active participant and eager to learn but frequently distracted during lectures.,7,Dropout Risk,52.7
1898,9.1,71.3,57.9,Shows excellent analytical thinking.,2,Average,78.1
1899,1.1,77.0,45.4,Struggling with algebra concepts and frequently distracted during lectures.,8,Dropout Risk,41.5
1900,1.8,61.5,94.6,Inconsistent attendance affecting performance but outstanding performance this semester.,7,Average,66.8
1901,2.9,65.1,40.4,Needs significant improvement in fundamentals.,2,Dropout Risk,46.5
1902,1.2,90.6,69.0,Struggling with algebra concepts but consistently submits assignments on time.,9,Average,60.6
1903,2.6,60.0,47.4,Finds it difficult to keep up with the pace and needs significant improvement in fundamentals.,4,Dropout Risk,42.3
1904,6.2,76.7,58.5,Demonstrates great understanding of core concepts.,2,Average,71.8
1905,4.8,80.9,95.6,Outstanding performance this semester and highly engaged in class discussions.,4,Average,89.7
1906,9.0,62.2,49.7,Inconsistent attendance affecting performance but shows excellent analytical thinking.,8,Average,65.1
1907,8.4,98.9,97.9,Outstanding performance this semester and demonstrates great understanding of core concepts.,3,Top 5%,96.4
1908,4.1,69.0,52.3,Needs significant improvement in fundamentals.,5,Average,57.1
1909,3.3,72.2,84.5,Outstanding performance this semester.,2,Average,71.1
1910,4.4,72.2,72.8,Finds it difficult to keep up with the pace.,2,Average,63.4
1911,6.3,69.2,93.1,Outstanding performance this semester and shows excellent analytical thinking.,4,Average,65.9
1912,3.4,60.1,73.2,Finds it difficult to keep up with the pace.,7,Average,66.1
1913,6.6,89.2,72.1,Demonstrates great understanding of core concepts and consistently submits assignments on time.,7,Average,82.5
1914,4.7,98.7,51.7,Frequently distracted during lectures but highly engaged in class discussions.,2,Average,58.0
1915,6.0,69.0,50.0,Demonstrates great understanding of core concepts but frequently distracted during lectures.,7,Average,58.5
1916,4.9,86.5,95.0,Outstanding performance this semester and active participant and eager to learn.,7,Average,89.0
1917,3.7,89.7,59.7,Active participant and eager to learn.,2,Average,70.8
1918,9.5,93.9,62.3,Demonstrates great understanding of core concepts and highly engaged in class discussions.,9,Average,91.2
1919,7.9,76.9,85.6,Shows excellent analytical thinking and outstanding performance this semester.,9,Average,84.0
1920,2.3,72.1,60.3,Finds it difficult to keep up with the pace but active participant and eager to learn.,1,Average,54.1
1921,8.8,73.0,97.1,Demonstrates great understanding of core concepts and outstanding performance this semester.,9,Average,91.0
1922,5.4,88.5,84.3,Outstanding performance this semester and shows excellent analytical thinking.,1,Average,84.8
1923,9.1,92.7,75.8,Outstanding performance this semester and consistently submits assignments on time.,8,Average,85.4
1924,8.2,67.3,92.9,Shows excellent analytical thinking and outstanding performance this semester.,6,Average,82.0
1925,4.8,74.8,43.0,Frequently distracted during lectures.,5,Average,61.6
1926,1.2,96.1,55.4,Struggling with algebra concepts but active participant and eager to learn.,6,Average,55.0
1927,3.4,92.3,67.9,Highly engaged in class discussions.,7,Average,73.7
1928,5.9,99.4,53.6,Frequently distracted during lectures but active participant and eager to learn.,0,Average,68.5
1929,6.7,90.2,84.6,Highly engaged in class discussions and outstanding performance this semester.,7,Average,84.1
1930,3.3,75.7,95.2,Outstanding performance this semester.,2,Average,67.8
1931,2.3,83.6,65.4,Highly engaged in class discussions.,2,Average,59.2
1932,8.5,86.4,60.5,Demonstrates great understanding of core concepts and consistently submits assignments on time.,5,Average,72.6
1933,9.9,63.1,97.7,Inconsistent attendance affecting performance but shows excellent analytical thinking.,3,Average,90.1
1934,5.7,81.8,66.7,Highly engaged in class discussions and shows excellent analytical thinking.,3,Average,64.1
1935,2.5,88.4,69.3,Active participant and eager to learn.,3,Average,66.6
1936,3.5,66.7,61.1,Struggling with algebra concepts but demonstrates great understanding of core concepts.,9,Average,60.1
1937,1.2,91.2,94.6,Struggling with algebra concepts but outstanding performance this semester.,8,Average,60.6
1938,9.2,83.4,74.1,Demonstrates great understanding of core concepts and consistently submits assignments on time.,7,Top 5%,93.6
1939,2.1,98.1,85.7,Highly engaged in class discussions and outstanding performance this semester.,2,Average,83.4
1940,6.2,61.7,88.7,Demonstrates great understanding of core concepts but inconsistent attendance affecting performance.,0,Average,75.9
1941,3.5,70.6,60.5,Frequently distracted during lectures.,0,Average,54.3
1942,6.0,84.1,66.0,Shows excellent analytical thinking and highly engaged in class discussions.,0,Average,86.7
1943,6.9,71.9,90.9,Demonstrates great understanding of core concepts and outstanding performance this semester.,3,Average,75.3
1944,8.5,88.6,61.8,Shows excellent analytical thinking and highly engaged in class discussions.,5,Average,81.0
1945,2.9,90.4,87.6,Consistently submits assignments on time and outstanding performance this semester.,3,Average,73.1
1946,1.1,64.1,96.5,Needs significant improvement in fundamentals but outstanding performance this semester.,2,Average,68.4
1947,2.2,80.6,77.4,Active participant and eager to learn and outstanding performance this semester.,7,Average,64.7
1948,9.1,80.4,84.5,Outstanding performance this semester and shows excellent analytical thinking.,7,Average,87.3
1949,8.9,74.8,88.3,Demonstrates great understanding of core concepts and outstanding performance this semester.,5,Average,84.0
1950,6.4,97.3,90.7,Consistently submits assignments on time and outstanding performance this semester.,8,Average,86.1
1951,6.4,93.1,63.7,Demonstrates great understanding of core concepts and active participant and eager to learn.,9,Average,70.8
1952,7.0,87.9,43.1,Active participant and eager to learn but needs significant improvement in fundamentals.,0,Average,68.3
1953,2.6,88.6,64.1,Consistently submits assignments on time.,7,Average,58.4
1954,9.2,78.5,80.4,Outstanding performance this semester and demonstrates great understanding of core concepts.,5,Average,80.5
1955,4.8,96.8,67.0,Highly engaged in class discussions.,0,Average,78.8
1956,4.4,87.8,84.9,Consistently submits assignments on time and outstanding performance this semester.,3,Average,73.4
1957,5.7,89.2,61.4,Demonstrates great understanding of core concepts and consistently submits assignments on time.,4,Average,64.8
1958,1.4,94.5,78.1,Needs significant improvement in fundamentals but outstanding performance this semester.,6,Average,63.7
1959,2.5,71.0,51.2,Needs significant improvement in fundamentals.,7,Dropout Risk,50.8
1960,7.6,92.3,85.0,Highly engaged in class discussions and outstanding performance this semester.,8,Average,79.7
1961,1.7,67.8,72.7,Needs significant improvement in fundamentals.,5,Average,57.2
1962,6.4,73.8,52.2,Needs significant improvement in fundamentals but demonstrates great understanding of core concepts.,9,Average,60.3
1963,3.2,73.4,57.5,Inconsistent attendance affecting performance.,8,Average,64.8
1964,4.5,99.1,84.9,Active participant and eager to learn and outstanding performance this semester.,3,Average,82.1
1965,3.6,94.3,69.0,Active participant and eager to learn.,7,Average,66.5
1966,4.2,88.0,53.0,Frequently distracted during lectures but consistently submits assignments on time.,2,Average,58.6
1967,7.5,89.1,98.0,Outstanding performance this semester and consistently submits assignments on time.,3,Average,91.6
1968,3.7,82.5,82.9,Outstanding performance this semester and active participant and eager to learn.,9,Average,73.8
1969,6.1,97.9,97.4,Shows excellent analytical thinking and consistently submits assignments on time.,3,Average,89.6
1970,5.3,79.9,65.6,Shows excellent analytical thinking.,5,Average,67.6
1971,7.0,75.2,68.5,Demonstrates great understanding of core concepts.,8,Average,74.7
1972,9.4,66.5,93.9,Shows excellent analytical thinking and outstanding performance this semester.,5,Average,87.5
1973,7.6,91.4,71.5,Active participant and eager to learn and demonstrates great understanding of core concepts.,0,Average,80.9
1974,2.9,89.4,82.4,Highly engaged in class discussions and outstanding performance this semester.,4,Average,59.6
1975,1.3,75.4,55.1,Needs significant improvement in fundamentals.,8,Average,54.0
1976,3.4,61.0,66.8,Inconsistent attendance affecting performance.,4,Average,58.3
1977,6.4,93.6,47.4,Frequently distracted during lectures but shows excellent analytical thinking.,5,Average,65.4
1978,1.5,60.5,52.4,Inconsistent attendance affecting performance and struggling with algebra concepts.,2,Dropout Risk,53.7
1979,5.5,88.1,40.1,Frequently distracted during lectures but shows excellent analytical thinking.,7,Average,62.0
1980,6.4,98.8,42.4,Frequently distracted during lectures but active participant and eager to learn.,9,Average,63.7
1981,4.0,77.5,98.6,Outstanding performance this semester.,3,Average,81.0
1982,7.9,69.4,54.5,Shows excellent analytical thinking but frequently distracted during lectures.,3,Average,72.4
1983,2.0,88.2,79.8,Struggling with algebra concepts but highly engaged in class discussions.,4,Average,67.2
1984,1.7,92.7,90.3,Needs significant improvement in fundamentals but highly engaged in class discussions.,9,Average,67.7
1985,7.6,81.9,73.0,Demonstrates great understanding of core concepts and highly engaged in class discussions.,8,Average,82.5
1986,5.5,98.7,49.2,Demonstrates great understanding of core concepts but frequently distracted during lectures.,7,Average,67.1
1987,7.2,62.1,83.7,Inconsistent attendance affecting performance but demonstrates great understanding of core concepts.,6,Average,80.1
1988,4.9,80.2,76.0,Consistently submits assignments on time and outstanding performance this semester.,4,Average,62.1
1989,3.2,88.7,83.9,Outstanding performance this semester and highly engaged in class discussions.,8,Average,69.3
1990,8.4,94.5,86.2,Demonstrates great understanding of core concepts and highly engaged in class discussions.,8,Top 5%,100.0
1991,8.2,67.2,98.5,Outstanding performance this semester and demonstrates great understanding of core concepts.,9,Average,84.4
1992,7.3,92.0,74.4,Highly engaged in class discussions and demonstrates great understanding of core concepts.,9,Average,79.7
1993,3.4,82.1,60.5,Active participant and eager to learn.,1,Average,58.7
1994,6.3,75.9,78.9,Outstanding performance this semester and shows excellent analytical thinking.,3,Average,70.3
1995,4.2,65.3,44.1,Frequently distracted during lectures.,7,Dropout Risk,41.1
1996,1.8,94.6,93.8,Struggling with algebra concepts but outstanding performance this semester.,0,Average,71.2
1997,9.3,66.3,47.2,Needs significant improvement in fundamentals but demonstrates great understanding of core concepts.,4,Average,71.8
1998,2.2,72.4,59.7,Needs significant improvement in fundamentals.,7,Dropout Risk,53.1
1999,9.6,71.6,88.9,Outstanding performance this semester and demonstrates great understanding of core concepts.,1,Average,89.8
2000,5.0,94.9,75.8,Outstanding performance this semester and shows excellent analytical thinking.,1,Average,76.6
2001,2.7,86.9,63.6,Consistently submits assignments on time.,7,Average,66.0
2002,5.9,91.9,68.4,Consistently submits assignments on time and demonstrates great understanding of core concepts.,9,Average,74.5
2003,8.9,70.0,91.3,Outstanding performance this semester and demonstrates great understanding of core concepts.,8,Average,85.6
2004,7.6,85.0,60.4,Highly engaged in class discussions and shows excellent analytical thinking.,6,Average,74.8
2005,8.3,82.9,92.2,Consistently submits assignments on time and demonstrates great understanding of core concepts.,7,Top 5%,93.5
2006,6.9,93.3,45.3,Needs significant improvement in fundamentals but demonstrates great understanding of core concepts.,4,Average,77.4
2007,7.2,96.2,86.6,Demonstrates great understanding of core concepts and consistently submits assignments on time.,0,Average,85.7
2008,8.6,60.5,90.9,Finds it difficult to keep up with the pace but shows excellent analytical thinking.,3,Average,85.2
2009,3.2,87.0,50.9,Needs significant improvement in fundamentals but highly engaged in class discussions.,1,Average,59.5
2010,5.4,62.1,65.8,Shows excellent analytical thinking but inconsistent attendance affecting performance.,2,Average,58.9
2011,3.0,82.0,49.9,Frequently distracted during lectures but active participant and eager to learn.,2,Average,55.1
2012,9.9,71.5,82.4,Outstanding performance this semester and demonstrates great understanding of core concepts.,8,Average,81.7
2013,9.5,72.3,72.1,Demonstrates great understanding of core concepts.,9,Average,74.9
2014,1.4,74.1,78.1,Outstanding performance this semester but needs significant improvement in fundamentals.,3,Average,60.1
2015,7.4,84.9,51.8,Active participant and eager to learn but needs significant improvement in fundamentals.,1,Average,70.0
2016,9.3,73.4,52.7,Needs significant improvement in fundamentals but demonstrates great understanding of core concepts.,2,Average,76.7
2017,2.6,89.3,42.5,Frequently distracted during lectures but consistently submits assignments on time.,2,Dropout Risk,52.9
2018,6.1,76.2,59.3,Demonstrates great understanding of core concepts.,6,Average,63.1
2019,9.2,62.7,73.6,Shows excellent analytical thinking but inconsistent attendance affecting performance.,7,Average,80.4
2020,1.3,91.4,91.5,Needs significant improvement in fundamentals but outstanding performance this semester.,5,Average,62.4
2021,7.3,71.4,80.0,Shows excellent analytical thinking and outstanding performance this semester.,3,Average,85.9
2022,3.7,77.3,66.1,Finds it difficult to keep up with the pace but outstanding performance this semester.,5,Average,55.7
2023,9.3,87.4,97.2,Active participant and eager to learn and shows excellent analytical thinking.,0,Top 5%,96.7
2024,9.7,73.3,83.2,Outstanding performance this semester and demonstrates great understanding of core concepts.,9,Average,84.1
2025,9.5,62.3,95.8,Inconsistent attendance affecting performance but outstanding performance this semester.,7,Top 5%,93.1
2026,5.3,75.0,71.7,Demonstrates great understanding of core concepts.,0,Average,67.9
2027,8.8,97.8,55.5,Active participant and eager to learn and shows excellent analytical thinking.,4,Average,79.6
2028,8.6,85.7,43.2,Frequently distracted during lectures but active participant and eager to learn.,1,Average,77.3
2029,3.9,86.9,83.6,Outstanding performance this semester and highly engaged in class discussions.,5,Average,73.2
2030,8.5,85.3,47.3,Frequently distracted during lectures but shows excellent analytical thinking.,8,Average,76.7
2031,1.3,68.0,58.2,Struggling with algebra concepts.,4,Dropout Risk,43.4
2032,6.4,76.7,71.9,Demonstrates great understanding of core concepts.,3,Average,67.1
2033,3.1,90.0,73.9,Consistently submits assignments on time.,1,Average,67.8
2034,2.1,64.1,76.0,Finds it difficult to keep up with the pace but outstanding performance this semester.,2,Average,55.3
2035,1.7,71.1,50.0,Needs significant improvement in fundamentals and frequently distracted during lectures.,5,Dropout Risk,50.4
2036,7.3,71.1,62.8,Shows excellent analytical thinking.,7,Average,71.5
2037,4.1,77.3,77.0,Outstanding performance this semester.,7,Average,69.2
2038,7.5,99.2,98.2,Outstanding performance this semester and shows excellent analytical thinking.,4,Average,87.3
2039,1.6,62.7,83.7,Inconsistent attendance affecting performance but outstanding performance this semester.,4,Average,67.3
2040,3.8,80.7,95.4,Outstanding performance this semester and consistently submits assignments on time.,9,Average,75.0
2041,5.9,67.2,85.7,Shows excellent analytical thinking and outstanding performance this semester.,2,Average,78.4
2042,8.1,98.8,75.5,Outstanding performance this semester and shows excellent analytical thinking.,6,Average,84.1
2043,3.9,64.5,51.5,Frequently distracted during lectures and inconsistent attendance affecting performance.,5,Average,55.0
2044,6.6,76.1,80.0,Outstanding performance this semester and demonstrates great understanding of core concepts.,0,Average,71.5
2045,9.0,89.5,77.4,Shows excellent analytical thinking and outstanding performance this semester.,3,Average,91.5
2046,6.5,88.2,76.1,Outstanding performance this semester and demonstrates great understanding of core concepts.,5,Average,78.0
2047,3.1,76.9,69.4,Needs significant improvement in fundamentals.,5,Average,61.8
2048,1.2,73.9,71.7,Struggling with algebra concepts.,2,Average,58.6
2049,8.8,75.9,60.1,Demonstrates great understanding of core concepts.,5,Average,71.5
2050,1.2,70.6,71.2,Needs significant improvement in fundamentals.,9,Dropout Risk,50.4
2051,8.9,68.2,51.9,Frequently distracted during lectures but demonstrates great understanding of core concepts.,5,Average,74.5
2052,5.8,79.3,88.3,Shows excellent analytical thinking and outstanding performance this semester.,8,Average,89.8
2053,9.5,70.7,51.1,Shows excellent analytical thinking but needs significant improvement in fundamentals.,8,Average,74.1
2054,8.2,71.5,45.1,Frequently distracted during lectures but shows excellent analytical thinking.,1,Average,71.1
2055,10.0,86.3,66.2,Consistently submits assignments on time and demonstrates great understanding of core concepts.,3,Average,86.8
2056,4.2,98.7,79.5,Outstanding performance this semester and consistently submits assignments on time.,8,Average,85.7
2057,7.9,84.1,66.3,Active participant and eager to learn and shows excellent analytical thinking.,3,Average,70.7
2058,4.6,63.1,56.6,Inconsistent attendance affecting performance.,7,Average,58.2
2059,5.3,63.0,73.5,Finds it difficult to keep up with the pace but demonstrates great understanding of core concepts.,9,Average,58.8
2060,6.6,98.1,60.8,Demonstrates great understanding of core concepts and active participant and eager to learn.,2,Average,64.5
2061,8.9,71.9,96.0,Shows excellent analytical thinking and outstanding performance this semester.,2,Top 5%,92.5
2062,9.9,63.7,95.4,Inconsistent attendance affecting performance but outstanding performance this semester.,8,Top 5%,92.4
2063,7.9,84.0,70.1,Demonstrates great understanding of core concepts and consistently submits assignments on time.,9,Average,79.5
2064,4.8,84.9,59.7,Active participant and eager to learn.,7,Average,65.5
2065,4.8,85.9,84.2,Outstanding performance this semester and active participant and eager to learn.,0,Average,91.7
2066,7.6,70.7,42.2,Demonstrates great understanding of core concepts but frequently distracted during lectures.,9,Average,63.5
2067,3.1,60.6,68.5,Inconsistent attendance affecting performance.,1,Average,59.1
2068,2.0,98.6,60.2,Highly engaged in class discussions but needs significant improvement in fundamentals.,2,Average,57.4
2069,4.2,70.0,95.2,Outstanding performance this semester.,1,Average,75.3
2070,3.6,87.0,40.7,Active participant and eager to learn but frequently distracted during lectures.,2,Dropout Risk,53.8
2071,3.7,88.3,73.2,Highly engaged in class discussions.,7,Average,66.5
2072,3.1,84.4,84.4,Active participant and eager to learn and outstanding performance this semester.,5,Average,79.0
2073,1.4,72.5,69.1,Needs significant improvement in fundamentals.,6,Average,60.1
2074,1.2,70.8,45.1,Frequently distracted during lectures and needs significant improvement in fundamentals.,9,Dropout Risk,44.0
2075,9.9,83.9,98.3,Demonstrates great understanding of core concepts and outstanding performance this semester.,9,Average,87.6
2076,4.8,94.6,71.1,Consistently submits assignments on time.,5,Average,72.0
2077,4.5,97.9,76.9,Active participant and eager to learn and outstanding performance this semester.,0,Average,89.2
2078,7.1,64.2,54.2,Demonstrates great understanding of core concepts but frequently distracted during lectures.,2,Average,64.7
2079,3.0,66.2,69.0,Needs significant improvement in fundamentals.,0,Average,63.4
2080,9.5,97.8,65.7,Shows excellent analytical thinking and active participant and eager to learn.,9,Top 5%,96.3
2081,8.1,89.5,44.5,Shows excellent analytical thinking but needs significant improvement in fundamentals.,8,Average,74.0
2082,1.8,95.3,46.4,Active participant and eager to learn but frequently distracted during lectures.,8,Dropout Risk,49.3
2083,4.8,68.1,90.2,Outstanding performance this semester.,4,Average,61.0
2084,8.9,83.5,54.4,Demonstrates great understanding of core concepts but needs significant improvement in fundamentals.,3,Average,81.4
2085,9.5,88.0,51.7,Active participant and eager to learn but frequently distracted during lectures.,8,Average,76.3
2086,5.2,87.2,70.3,Demonstrates great understanding of core concepts and active participant and eager to learn.,8,Average,73.4
2087,6.5,76.3,86.1,Outstanding performance this semester and demonstrates great understanding of core concepts.,2,Average,73.9
2088,2.5,60.6,43.7,Needs significant improvement in fundamentals and finds it difficult to keep up with the pace.,4,Dropout Risk,43.1
2089,9.9,83.3,74.6,Consistently submits assignments on time and demonstrates great understanding of core concepts.,2,Average,89.7
2090,3.1,70.1,47.2,Needs significant improvement in fundamentals.,9,Dropout Risk,52.0
2091,9.5,78.0,42.2,Demonstrates great understanding of core concepts but needs significant improvement in fundamentals.,1,Average,67.9
2092,6.8,98.3,43.2,Frequently distracted during lectures but shows excellent analytical thinking.,0,Average,76.7
2093,6.5,76.0,90.0,Shows excellent analytical thinking and outstanding performance this semester.,9,Average,78.5
2094,5.6,93.6,47.1,Consistently submits assignments on time but needs significant improvement in fundamentals.,1,Average,58.2
2095,3.1,67.5,42.7,Frequently distracted during lectures.,7,Dropout Risk,47.6
2096,2.6,86.9,66.3,Consistently submits assignments on time.,7,Average,61.8
2097,3.0,99.1,90.6,Outstanding performance this semester and highly engaged in class discussions.,2,Average,77.2
2098,2.7,64.1,55.7,Inconsistent attendance affecting performance.,6,Average,57.7
2099,8.0,60.3,65.3,Finds it difficult to keep up with the pace but shows excellent analytical thinking.,6,Average,71.1
2100,4.2,77.3,42.4,Needs significant improvement in fundamentals.,1,Average,54.1
2101,1.5,63.7,66.9,Struggling with algebra concepts and finds it difficult to keep up with the pace.,8,Dropout Risk,45.7
2102,9.7,89.9,74.7,Highly engaged in class discussions and demonstrates great understanding of core concepts.,2,Top 5%,95.0
2103,9.0,96.6,74.3,Consistently submits assignments on time and shows excellent analytical thinking.,1,Average,90.9
2104,9.3,77.4,59.9,Demonstrates great understanding of core concepts.,2,Average,77.8
2105,10.0,70.3,58.9,Shows excellent analytical thinking.,1,Average,70.0
2106,2.6,77.4,46.4,Frequently distracted during lectures.,7,Average,58.0
2107,4.6,88.9,62.0,Active participant and eager to learn.,4,Average,61.3
2108,7.8,60.4,46.0,Demonstrates great understanding of core concepts but inconsistent attendance affecting performance.,2,Average,60.9
2109,7.3,83.6,86.0,Demonstrates great understanding of core concepts and outstanding performance this semester.,4,Average,86.7
2110,2.4,84.5,98.0,Consistently submits assignments on time and outstanding performance this semester.,7,Average,66.9
2111,8.3,85.5,98.2,Outstanding performance this semester and highly engaged in class discussions.,6,Average,86.7
2112,3.0,69.7,91.9,Outstanding performance this semester.,5,Average,57.6
2113,3.0,88.6,76.0,Outstanding performance this semester and highly engaged in class discussions.,0,Average,71.1
2114,5.8,63.7,82.1,Outstanding performance this semester but inconsistent attendance affecting performance.,9,Average,69.6
2115,6.3,68.0,57.1,Demonstrates great understanding of core concepts.,0,Average,80.1
2116,6.2,95.1,77.8,Highly engaged in class discussions and outstanding performance this semester.,0,Average,76.5
2117,1.8,89.5,67.3,Struggling with algebra concepts but consistently submits assignments on time.,9,Average,55.6
2118,8.9,60.5,68.9,Demonstrates great understanding of core concepts but finds it difficult to keep up with the pace.,7,Average,74.0
2119,3.4,69.9,85.5,Outstanding performance this semester.,7,Average,68.2
2120,2.2,68.6,56.9,Finds it difficult to keep up with the pace.,6,Dropout Risk,48.6
2121,9.0,70.8,59.1,Shows excellent analytical thinking.,5,Average,79.4
2122,9.6,69.9,95.5,Shows excellent analytical thinking and outstanding performance this semester.,3,Average,87.9
2123,8.8,62.5,43.4,Finds it difficult to keep up with the pace but shows excellent analytical thinking.,0,Average,59.8
2124,8.3,78.4,69.1,Demonstrates great understanding of core concepts.,8,Average,71.2
2125,6.9,89.3,94.8,Active participant and eager to learn and outstanding performance this semester.,0,Average,77.7
2126,6.0,84.3,76.6,Outstanding performance this semester and active participant and eager to learn.,3,Average,74.2
2127,1.8,86.9,72.8,Highly engaged in class discussions but struggling with algebra concepts.,2,Average,59.9
2128,4.7,63.2,55.0,Finds it difficult to keep up with the pace and needs significant improvement in fundamentals.,6,Average,54.2
2129,4.4,98.1,60.6,Highly engaged in class discussions.,4,Average,75.1
2130,3.3,93.5,91.1,Consistently submits assignments on time and outstanding performance this semester.,4,Average,82.3
2131,7.5,92.2,73.6,Active participant and eager to learn and shows excellent analytical thinking.,3,Average,81.7
2132,5.5,92.9,70.9,Shows excellent analytical thinking and active participant and eager to learn.,0,Average,66.4
2133,1.7,97.3,46.0,Needs significant improvement in fundamentals but highly engaged in class discussions.,4,Dropout Risk,50.8
2134,3.0,81.8,41.0,Highly engaged in class discussions but needs significant improvement in fundamentals.,3,Dropout Risk,48.4
2135,7.1,68.0,97.8,Outstanding performance this semester and demonstrates great understanding of core concepts.,9,Average,81.3
2136,1.7,84.7,62.6,Active participant and eager to learn but needs significant improvement in fundamentals.,7,Dropout Risk,52.9
2137,8.7,89.7,76.2,Active participant and eager to learn and demonstrates great understanding of core concepts.,1,Average,84.4
2138,5.5,89.5,44.8,Frequently distracted during lectures but consistently submits assignments on time.,7,Average,61.9
2139,5.3,80.9,81.0,Shows excellent analytical thinking and outstanding performance this semester.,0,Average,72.1
2140,6.3,62.7,96.0,Shows excellent analytical thinking but inconsistent attendance affecting performance.,3,Average,80.4
2141,8.4,74.8,74.5,Demonstrates great understanding of core concepts.,2,Average,83.5
2142,4.1,96.8,47.6,Frequently distracted during lectures but active participant and eager to learn.,4,Average,58.0
2143,7.1,83.4,74.9,Active participant and eager to learn and shows excellent analytical thinking.,4,Average,86.2
2144,6.1,81.5,86.0,Consistently submits assignments on time and outstanding performance this semester.,4,Average,75.3
2145,3.4,70.8,64.4,Needs significant improvement in fundamentals.,3,Dropout Risk,50.8
2146,8.9,74.7,92.8,Outstanding performance this semester and demonstrates great understanding of core concepts.,7,Top 5%,92.6
2147,8.2,95.8,78.9,Active participant and eager to learn and demonstrates great understanding of core concepts.,2,Average,84.8
2148,6.9,86.7,94.0,Outstanding performance this semester and highly engaged in class discussions.,3,Average,89.4
2149,8.7,91.5,77.4,Shows excellent analytical thinking and outstanding performance this semester.,0,Average,76.7
2150,8.8,78.2,47.9,Demonstrates great understanding of core concepts but frequently distracted during lectures.,6,Average,80.4
2151,7.4,85.2,58.6,Consistently submits assignments on time and demonstrates great understanding of core concepts.,0,Average,78.2
2152,8.5,69.9,52.1,Needs significant improvement in fundamentals but demonstrates great understanding of core concepts.,1,Average,64.2
2153,7.3,88.2,94.5,Demonstrates great understanding of core concepts and outstanding performance this semester.,6,Average,82.4
2154,7.1,77.1,85.6,Outstanding performance this semester and shows excellent analytical thinking.,0,Average,90.7
2155,6.6,77.7,80.6,Demonstrates great understanding of core concepts and outstanding performance this semester.,2,Average,74.8
2156,7.8,86.0,58.1,Highly engaged in class discussions and shows excellent analytical thinking.,5,Average,72.1
2157,2.4,97.5,51.0,Highly engaged in class discussions but needs significant improvement in fundamentals.,5,Dropout Risk,46.8
2158,8.9,62.6,85.4,Outstanding performance this semester but inconsistent attendance affecting performance.,5,Average,82.4
2159,8.8,93.0,68.4,Demonstrates great understanding of core concepts and active participant and eager to learn.,1,Average,85.1
2160,1.3,71.7,53.5,Needs significant improvement in fundamentals and frequently distracted during lectures.,1,Dropout Risk,50.9
2161,8.4,77.8,77.0,Shows excellent analytical thinking and outstanding performance this semester.,5,Average,76.6
2162,2.2,60.9,42.4,Frequently distracted during lectures and finds it difficult to keep up with the pace.,9,Dropout Risk,35.2
2163,4.0,72.0,59.6,Finds it difficult to keep up with the pace.,4,Average,61.8
2164,7.7,80.1,68.1,Active participant and eager to learn and shows excellent analytical thinking.,6,Average,83.2
2165,2.4,62.2,48.9,Inconsistent attendance affecting performance and frequently distracted during lectures.,6,Dropout Risk,38.9
2166,8.4,79.6,99.1,Outstanding performance this semester and demonstrates great understanding of core concepts.,4,Top 5%,98.2
2167,8.5,97.1,52.5,Needs significant improvement in fundamentals but highly engaged in class discussions.,7,Average,80.0
2168,5.6,64.2,47.8,Finds it difficult to keep up with the pace but shows excellent analytical thinking.,9,Average,63.3
2169,1.1,90.6,52.2,Needs significant improvement in fundamentals but consistently submits assignments on time.,5,Dropout Risk,51.4
2170,3.6,76.4,86.1,Outstanding performance this semester.,4,Average,57.3
2171,6.6,86.2,65.5,Shows excellent analytical thinking and consistently submits assignments on time.,3,Average,74.2
2172,9.8,70.4,73.9,Shows excellent analytical thinking.,6,Average,90.4
2173,6.7,66.4,41.3,Needs significant improvement in fundamentals but demonstrates great understanding of core concepts.,3,Average,55.4
2174,3.3,66.4,42.1,Frequently distracted during lectures.,4,Dropout Risk,46.5
2175,6.7,62.8,66.7,Shows excellent analytical thinking but inconsistent attendance affecting performance.,4,Average,68.1
2176,5.9,67.4,89.0,Outstanding performance this semester and shows excellent analytical thinking.,0,Average,61.8
2177,8.0,86.6,93.1,Outstanding performance this semester and consistently submits assignments on time.,0,Top 5%,99.6
2178,2.0,95.3,45.2,Active participant and eager to learn but struggling with algebra concepts.,2,Dropout Risk,49.0
2179,7.8,92.6,72.3,Demonstrates great understanding of core concepts and highly engaged in class discussions.,2,Average,86.7
2180,5.9,87.4,94.8,Active participant and eager to learn and shows excellent analytical thinking.,1,Average,84.3
2181,9.7,64.4,63.3,Demonstrates great understanding of core concepts but finds it difficult to keep up with the pace.,1,Average,84.8
2182,4.1,71.6,89.8,Outstanding performance this semester.,5,Average,73.7
2183,6.7,72.4,48.0,Frequently distracted during lectures but shows excellent analytical thinking.,0,Average,63.2
2184,9.4,70.0,96.1,Shows excellent analytical thinking and outstanding performance this semester.,5,Average,87.8
2185,1.9,80.6,85.1,Active participant and eager to learn but struggling with algebra concepts.,4,Average,68.9
2186,9.4,81.4,96.5,Demonstrates great understanding of core concepts and outstanding performance this semester.,5,Average,86.7
2187,7.2,74.3,80.6,Shows excellent analytical thinking and outstanding performance this semester.,4,Average,82.9
2188,1.6,74.2,61.8,Needs significant improvement in fundamentals.,6,Dropout Risk,47.1
2189,3.7,93.1,96.3,Outstanding performance this semester and consistently submits assignments on time.,0,Average,85.7
2190,7.4,91.6,56.5,Shows excellent analytical thinking and highly engaged in class discussions.,2,Average,76.7
2191,1.6,72.3,59.9,Struggling with algebra concepts.,5,Average,54.5
2192,6.2,96.6,82.0,Shows excellent analytical thinking and outstanding performance this semester.,0,Average,84.0
2193,4.1,98.1,85.9,Highly engaged in class discussions and outstanding performance this semester.,6,Average,69.4
2194,6.6,73.1,95.8,Outstanding performance this semester and demonstrates great understanding of core concepts.,3,Average,79.0
2195,1.4,74.2,52.3,Needs significant improvement in fundamentals and needs significant improvement in fundamentals.,2,Dropout Risk,51.5
2196,8.8,80.2,87.9,Highly engaged in class discussions and demonstrates great understanding of core concepts.,9,Average,91.0
2197,9.8,97.6,84.3,Outstanding performance this semester and highly engaged in class discussions.,8,Top 5%,100.0
2198,9.7,95.1,43.8,Shows excellent analytical thinking but needs significant improvement in fundamentals.,0,Average,82.1
2199,7.7,64.1,63.2,Finds it difficult to keep up with the pace but shows excellent analytical thinking.,7,Average,66.8
2200,2.2,75.7,57.0,Inconsistent attendance affecting performance.,0,Dropout Risk,49.1
2201,7.8,82.1,58.3,Active participant and eager to learn and demonstrates great understanding of core concepts.,4,Average,75.8
2202,1.2,80.1,99.0,Needs significant improvement in fundamentals but outstanding performance this semester.,9,Average,56.3
2203,1.2,67.8,78.6,Outstanding performance this semester but needs significant improvement in fundamentals.,7,Average,64.3
2204,3.9,94.4,83.1,Outstanding performance this semester and active participant and eager to learn.,5,Average,77.4
2205,5.4,87.1,98.6,Active participant and eager to learn and outstanding performance this semester.,6,Average,90.6
2206,7.9,93.5,62.6,Consistently submits assignments on time and shows excellent analytical thinking.,7,Average,73.0
2207,7.1,94.4,88.1,Shows excellent analytical thinking and outstanding performance this semester.,5,Top 5%,94.8
2208,5.0,89.9,66.1,Demonstrates great understanding of core concepts and active participant and eager to learn.,5,Average,82.1
2209,3.5,77.6,92.2,Outstanding performance this semester.,5,Average,65.7
2210,10.0,84.4,50.8,Frequently distracted during lectures but highly engaged in class discussions.,4,Average,84.4
2211,4.8,66.4,96.9,Outstanding performance this semester.,7,Average,75.6
2212,5.1,86.9,53.1,Active participant and eager to learn but needs significant improvement in fundamentals.,1,Average,57.3
2213,2.5,67.2,59.6,Finds it difficult to keep up with the pace.,6,Average,55.1
2214,8.2,87.8,85.4,Outstanding performance this semester and highly engaged in class discussions.,3,Top 5%,93.2
2215,7.2,69.2,63.6,Shows excellent analytical thinking.,0,Average,68.6
2216,3.0,64.7,76.5,Outstanding performance this semester but finds it difficult to keep up with the pace.,4,Average,66.3
2217,1.7,66.6,66.7,Needs significant improvement in fundamentals.,2,Dropout Risk,44.4
2218,7.1,60.1,84.5,Demonstrates great understanding of core concepts but inconsistent attendance affecting performance.,3,Average,69.3
2219,6.9,88.7,53.7,Highly engaged in class discussions but needs significant improvement in fundamentals.,6,Average,72.9
2220,3.5,89.3,43.5,Needs significant improvement in fundamentals but highly engaged in class discussions.,4,Average,56.4
2221,9.6,80.6,58.0,Shows excellent analytical thinking and consistently submits assignments on time.,3,Average,77.2
2222,2.4,66.5,68.5,Needs significant improvement in fundamentals.,0,Average,59.6
2223,4.9,63.3,50.1,Finds it difficult to keep up with the pace and frequently distracted during lectures.,5,Average,58.8
2224,9.5,60.8,61.3,Demonstrates great understanding of core concepts but finds it difficult to keep up with the pace.,9,Average,80.3
2225,4.8,66.6,64.0,Needs significant improvement in fundamentals.,5,Average,61.7
2226,6.7,95.6,43.4,Needs significant improvement in fundamentals but active participant and eager to learn.,6,Average,72.7
2227,4.6,69.7,75.0,Frequently distracted during lectures but outstanding performance this semester.,0,Average,64.7
2228,3.5,74.2,93.1,Outstanding performance this semester.,3,Average,81.9
2229,9.9,64.2,49.1,Demonstrates great understanding of core concepts but inconsistent attendance affecting performance.,8,Average,69.3
2230,4.7,68.9,75.9,Outstanding performance this semester.,9,Average,77.9
2231,9.0,80.8,79.9,Consistently submits assignments on time and outstanding performance this semester.,5,Average,88.0
2232,3.1,84.3,65.2,Highly engaged in class discussions.,1,Average,55.2
2233,2.9,69.8,82.1,Outstanding performance this semester.,3,Average,70.8
2234,1.3,62.3,64.6,Finds it difficult to keep up with the pace and needs significant improvement in fundamentals.,5,Dropout Risk,49.7
2235,6.9,75.6,70.3,Demonstrates great understanding of core concepts.,3,Average,79.1
2236,4.3,69.4,40.4,Frequently distracted during lectures.,9,Average,58.2
2237,8.8,68.8,81.5,Demonstrates great understanding of core concepts and outstanding performance this semester.,6,Average,85.7
2238,5.3,98.4,79.7,Active participant and eager to learn and outstanding performance this semester.,2,Average,76.8
2239,9.7,84.7,42.3,Active participant and eager to learn but needs significant improvement in fundamentals.,5,Average,81.2
2240,2.7,82.3,62.1,Highly engaged in class discussions.,3,Average,58.9
2241,8.8,76.6,98.7,Shows excellent analytical thinking and outstanding performance this semester.,2,Top 5%,96.8
2242,8.0,77.2,65.2,Shows excellent analytical thinking.,2,Average,66.4
2243,7.9,81.6,70.1,Demonstrates great understanding of core concepts and active participant and eager to learn.,1,Average,82.6
2244,8.6,87.9,94.6,Outstanding performance this semester and demonstrates great understanding of core concepts.,2,Average,91.1
2245,7.8,88.1,83.0,Outstanding performance this semester and highly engaged in class discussions.,9,Top 5%,95.4
2246,6.6,66.9,74.9,Shows excellent analytical thinking.,0,Average,76.4
2247,2.2,80.0,87.9,Active participant and eager to learn and outstanding performance this semester.,2,Average,68.0
2248,1.3,76.5,91.9,Outstanding performance this semester but needs significant improvement in fundamentals.,8,Average,66.6
2249,9.3,94.8,67.4,Active participant and eager to learn and shows excellent analytical thinking.,3,Average,82.9
2250,6.5,85.3,68.5,Shows excellent analytical thinking and consistently submits assignments on time.,2,Average,84.0
2251,8.2,81.3,63.2,Highly engaged in class discussions and shows excellent analytical thinking.,7,Average,88.2
2252,5.3,64.6,98.0,Inconsistent attendance affecting performance but demonstrates great understanding of core concepts.,0,Average,79.2
2253,2.1,84.2,81.8,Active participant and eager to learn and outstanding performance this semester.,4,Average,73.1
2254,2.1,64.7,45.0,Finds it difficult to keep up with the pace and frequently distracted during lectures.,0,Dropout Risk,42.0
2255,7.2,73.5,91.8,Shows excellent analytical thinking and outstanding performance this semester.,6,Average,79.9
2256,4.9,65.7,68.8,Struggling with algebra concepts but demonstrates great understanding of core concepts.,4,Average,64.5
2257,2.8,87.7,44.1,Frequently distracted during lectures but highly engaged in class discussions.,1,Average,55.9
2258,5.4,68.3,73.0,Demonstrates great understanding of core concepts.,0,Average,66.7
2259,1.6,75.7,65.0,Struggling with algebra concepts.,6,Average,56.9
2260,6.2,95.8,92.7,Highly engaged in class discussions and outstanding performance this semester.,0,Average,89.2
2261,3.4,68.2,52.2,Frequently distracted during lectures.,2,Dropout Risk,48.3
2262,8.2,80.3,89.6,Demonstrates great understanding of core concepts and outstanding performance this semester.,5,Average,91.1
2263,3.8,76.8,73.5,Highly engaged in class discussions but needs significant improvement in fundamentals.,5,Average,70.0
2264,5.1,60.7,43.3,Demonstrates great understanding of core concepts but finds it difficult to keep up with the pace.,6,Average,54.2
2265,1.1,91.7,98.3,Needs significant improvement in fundamentals but consistently submits assignments on time.,0,Average,76.5
2266,1.7,62.8,70.8,Needs significant improvement in fundamentals and finds it difficult to keep up with the pace.,6,Dropout Risk,46.8
2267,4.5,79.0,57.5,Frequently distracted during lectures.,1,Average,64.9
2268,5.3,82.4,68.2,Consistently submits assignments on time and demonstrates great understanding of core concepts.,5,Average,64.8
2269,6.4,85.1,91.5,Outstanding performance this semester and consistently submits assignments on time.,7,Average,79.0
2270,3.6,87.5,58.3,Highly engaged in class discussions.,4,Average,59.1
2271,7.3,70.1,51.6,Shows excellent analytical thinking but frequently distracted during lectures.,9,Average,62.3
2272,8.7,60.4,47.7,Frequently distracted during lectures but shows excellent analytical thinking.,2,Average,65.1
2273,8.0,88.9,57.9,Active participant and eager to learn and shows excellent analytical thinking.,7,Average,76.8
2274,1.4,81.4,86.8,Struggling with algebra concepts but highly engaged in class discussions.,7,Average,68.1
2275,5.3,93.4,68.3,Consistently submits assignments on time and demonstrates great understanding of core concepts.,3,Average,72.4
2276,1.9,92.9,53.6,Frequently distracted during lectures but active participant and eager to learn.,7,Dropout Risk,48.2
2277,3.2,93.7,50.0,Frequently distracted during lectures but consistently submits assignments on time.,4,Average,64.9
2278,9.9,79.4,60.0,Demonstrates great understanding of core concepts.,4,Average,78.2
2279,2.3,73.3,96.4,Outstanding performance this semester.,2,Average,68.3
2280,5.5,91.7,60.6,Demonstrates great understanding of core concepts and active participant and eager to learn.,6,Average,73.2
2281,6.6,78.1,99.3,Outstanding performance this semester and demonstrates great understanding of core concepts.,8,Average,87.1
2282,7.3,67.3,69.1,Demonstrates great understanding of core concepts.,8,Average,78.9
2283,6.0,94.2,50.7,Needs significant improvement in fundamentals but demonstrates great understanding of core concepts.,0,Average,72.1
2284,1.1,95.3,93.5,Needs significant improvement in fundamentals but outstanding performance this semester.,0,Average,65.5
2285,3.9,78.7,67.6,Active participant and eager to learn.,9,Average,75.3
2286,5.7,63.0,82.6,Inconsistent attendance affecting performance but shows excellent analytical thinking.,4,Average,72.7
2287,1.8,75.5,99.0,Outstanding performance this semester but needs significant improvement in fundamentals.,0,Average,67.8
2288,4.2,92.1,43.0,Highly engaged in class discussions but frequently distracted during lectures.,3,Average,64.2
2289,1.3,96.1,45.8,Struggling with algebra concepts but active participant and eager to learn.,0,Dropout Risk,52.9
2290,1.7,68.1,83.2,Needs significant improvement in fundamentals but outstanding performance this semester.,1,Average,61.7
2291,4.6,62.7,56.9,Inconsistent attendance affecting performance.,1,Average,70.0
2292,2.2,95.1,51.1,Frequently distracted during lectures but active participant and eager to learn.,3,Average,55.3
2293,6.1,75.6,42.4,Needs significant improvement in fundamentals but demonstrates great understanding of core concepts.,7,Average,59.4
2294,7.2,81.7,41.3,Highly engaged in class discussions but frequently distracted during lectures.,1,Average,66.8
2295,8.2,98.7,86.5,Outstanding performance this semester and active participant and eager to learn.,8,Top 5%,98.3
2296,2.8,62.7,48.1,Frequently distracted during lectures and finds it difficult to keep up with the pace.,8,Dropout Risk,40.3
2297,2.5,85.9,68.1,Active participant and eager to learn.,1,Dropout Risk,52.0
2298,1.9,63.0,76.4,Struggling with algebra concepts but outstanding performance this semester.,0,Dropout Risk,53.3
2299,6.7,75.0,65.7,Shows excellent analytical thinking.,9,Average,64.2
2300,7.4,92.2,41.6,Highly engaged in class discussions but needs significant improvement in fundamentals.,9,Average,67.9
2301,1.3,77.3,87.0,Needs significant improvement in fundamentals but outstanding performance this semester.,8,Average,65.0
2302,9.4,99.9,40.6,Needs significant improvement in fundamentals but demonstrates great understanding of core concepts.,1,Average,74.8
2303,1.5,82.4,85.7,Needs significant improvement in fundamentals but outstanding performance this semester.,7,Average,57.0
2304,5.9,72.8,93.6,Outstanding performance this semester and shows excellent analytical thinking.,2,Average,80.2
2305,7.4,68.8,66.0,Demonstrates great understanding of core concepts.,0,Average,77.2
2306,8.8,74.0,72.1,Shows excellent analytical thinking.,0,Average,73.5
2307,7.4,74.9,68.6,Demonstrates great understanding of core concepts.,9,Average,80.0
2308,8.2,62.7,63.4,Shows excellent analytical thinking but finds it difficult to keep up with the pace.,1,Average,77.0
2309,4.1,74.8,93.2,Outstanding performance this semester.,6,Average,78.7
2310,8.3,78.6,93.6,Outstanding performance this semester and demonstrates great understanding of core concepts.,5,Top 5%,96.3
2311,1.7,88.9,60.1,Needs significant improvement in fundamentals but highly engaged in class discussions.,1,Average,67.8
2312,9.1,86.3,76.9,Highly engaged in class discussions and outstanding performance this semester.,3,Average,86.5
2313,5.9,88.4,95.6,Shows excellent analytical thinking and outstanding performance this semester.,1,Average,86.0
2314,8.4,60.3,97.7,Outstanding performance this semester but finds it difficult to keep up with the pace.,0,Average,84.4
2315,5.1,68.7,70.5,Shows excellent analytical thinking.,2,Average,66.6
2316,6.8,86.5,67.2,Shows excellent analytical thinking and active participant and eager to learn.,3,Average,84.2
2317,5.7,79.4,56.7,Shows excellent analytical thinking.,9,Average,59.9
2318,7.6,60.2,97.5,Finds it difficult to keep up with the pace but shows excellent analytical thinking.,4,Average,79.3
2319,1.7,92.2,48.6,Struggling with algebra concepts but active participant and eager to learn.,4,Average,60.0
2320,1.5,90.9,74.8,Needs significant improvement in fundamentals but consistently submits assignments on time.,6,Average,67.7
2321,3.2,81.9,57.0,Highly engaged in class discussions.,9,Average,56.8
2322,2.4,62.7,56.7,Inconsistent attendance affecting performance.,7,Average,54.3
2323,8.8,90.7,64.3,Consistently submits assignments on time and shows excellent analytical thinking.,8,Average,85.6
2324,3.0,83.3,99.9,Active participant and eager to learn and outstanding performance this semester.,6,Average,82.9
2325,9.8,91.3,43.3,Frequently distracted during lectures but demonstrates great understanding of core concepts.,4,Average,79.3
2326,4.0,90.1,74.7,Consistently submits assignments on time.,8,Average,76.1
2327,2.6,92.1,45.0,Needs significant improvement in fundamentals but consistently submits assignments on time.,7,Average,68.1
2328,8.1,80.7,49.3,Demonstrates great understanding of core concepts but needs significant improvement in fundamentals.,9,Average,75.3
2329,6.9,65.6,66.4,Demonstrates great understanding of core concepts.,8,Average,70.7
2330,5.5,86.8,70.6,Shows excellent analytical thinking and active participant and eager to learn.,9,Average,77.1
2331,6.0,84.8,55.5,Shows excellent analytical thinking and active participant and eager to learn.,7,Average,66.8
2332,7.5,89.7,59.0,Highly engaged in class discussions and shows excellent analytical thinking.,5,Average,88.6
2333,3.1,66.8,45.2,Needs significant improvement in fundamentals.,3,Dropout Risk,49.7
2334,10.0,67.8,58.2,Shows excellent analytical thinking.,8,Average,77.1
2335,9.8,95.6,98.0,Shows excellent analytical thinking and outstanding performance this semester.,8,Top 5%,97.9
2336,6.9,90.0,96.7,Consistently submits assignments on time and demonstrates great understanding of core concepts.,9,Top 5%,95.1
2337,2.8,96.3,60.1,Active participant and eager to learn.,9,Average,67.1
2338,7.1,90.3,74.3,Consistently submits assignments on time and demonstrates great understanding of core concepts.,8,Average,79.2
2339,1.6,83.9,94.6,Outstanding performance this semester but struggling with algebra concepts.,9,Average,71.7
2340,1.3,86.2,40.4,Needs significant improvement in fundamentals but consistently submits assignments on time.,2,Dropout Risk,38.9
2341,3.3,95.6,88.6,Active participant and eager to learn and outstanding performance this semester.,2,Average,76.7
2342,5.2,83.2,96.9,Active participant and eager to learn and outstanding performance this semester.,5,Average,84.0
2343,8.8,85.3,45.5,Active participant and eager to learn but needs significant improvement in fundamentals.,5,Average,83.2
2344,7.5,66.3,49.7,Shows excellent analytical thinking but frequently distracted during lectures.,5,Average,62.3
2345,7.7,79.0,97.6,Shows excellent analytical thinking and outstanding performance this semester.,4,Average,83.2
2346,4.8,88.7,72.3,Highly engaged in class discussions.,4,Average,67.9
2347,4.1,70.8,40.9,Frequently distracted during lectures.,1,Dropout Risk,45.3
2348,4.3,68.1,55.5,Inconsistent attendance affecting performance.,6,Average,64.5
2349,9.9,72.6,67.0,Demonstrates great understanding of core concepts.,3,Average,90.9
2350,1.4,69.7,81.6,Struggling with algebra concepts but outstanding performance this semester.,2,Average,59.9
2351,8.8,68.6,84.0,Outstanding performance this semester and shows excellent analytical thinking.,7,Average,91.1
2352,6.2,77.0,99.7,Shows excellent analytical thinking and outstanding performance this semester.,3,Average,85.4
2353,4.9,96.3,57.3,Consistently submits assignments on time.,3,Average,68.6
2354,7.5,80.3,72.3,Highly engaged in class discussions and demonstrates great understanding of core concepts.,7,Average,77.7
2355,5.4,67.5,72.0,Demonstrates great understanding of core concepts.,0,Average,66.3
2356,8.9,63.1,64.3,Shows excellent analytical thinking but inconsistent attendance affecting performance.,8,Average,67.9
2357,9.1,87.8,50.1,Frequently distracted during lectures but active participant and eager to learn.,6,Average,79.6
2358,4.8,75.3,98.6,Outstanding performance this semester.,1,Average,78.6
2359,3.5,92.9,91.2,Outstanding performance this semester and active participant and eager to learn.,5,Average,80.3
2360,6.3,86.4,69.9,Demonstrates great understanding of core concepts and active participant and eager to learn.,7,Average,76.5
2361,9.2,91.8,76.2,Consistently submits assignments on time and shows excellent analytical thinking.,4,Average,89.5
2362,2.9,70.9,53.6,Needs significant improvement in fundamentals.,5,Dropout Risk,48.5
2363,6.6,87.7,72.6,Consistently submits assignments on time and demonstrates great understanding of core concepts.,9,Average,78.8
2364,6.7,70.6,81.7,Outstanding performance this semester and demonstrates great understanding of core concepts.,7,Average,80.9
2365,7.6,97.6,70.9,Highly engaged in class discussions and shows excellent analytical thinking.,5,Average,78.5
2366,2.2,85.5,99.4,Outstanding performance this semester and consistently submits assignments on time.,8,Average,73.5
2367,7.4,73.0,76.7,Demonstrates great understanding of core concepts and outstanding performance this semester.,8,Average,79.8
2368,9.2,70.8,62.3,Demonstrates great understanding of core concepts.,8,Average,74.7
2369,2.6,67.6,86.3,Outstanding performance this semester.,5,Average,61.0
2370,3.1,87.8,50.2,Active participant and eager to learn but needs significant improvement in fundamentals.,8,Average,58.6
2371,9.7,68.7,63.1,Demonstrates great understanding of core concepts.,2,Average,74.3
2372,2.6,83.8,60.8,Active participant and eager to learn.,4,Average,60.4
2373,8.7,70.6,65.9,Shows excellent analytical thinking.,1,Average,73.5
2374,5.4,86.5,86.9,Outstanding performance this semester and active participant and eager to learn.,7,Average,85.0
2375,3.2,92.6,69.1,Active participant and eager to learn.,3,Average,78.4
2376,8.8,91.1,87.6,Outstanding performance this semester and highly engaged in class discussions.,5,Average,89.0
2377,5.0,90.4,74.6,Highly engaged in class discussions and demonstrates great understanding of core concepts.,5,Average,77.2
2378,5.6,67.5,60.5,Demonstrates great understanding of core concepts.,4,Average,60.5
2379,4.2,63.5,88.6,Outstanding performance this semester but finds it difficult to keep up with the pace.,0,Average,74.5
2380,6.3,88.0,54.3,Frequently distracted during lectures but demonstrates great understanding of core concepts.,6,Average,64.0
2381,2.5,74.7,53.5,Needs significant improvement in fundamentals.,9,Average,54.9
2382,4.5,77.3,70.3,Inconsistent attendance affecting performance.,7,Average,62.8
2383,9.7,61.2,55.7,Finds it difficult to keep up with the pace but shows excellent analytical thinking.,0,Average,73.6
2384,3.3,70.4,40.5,Needs significant improvement in fundamentals.,9,Dropout Risk,43.8
2385,6.9,61.3,78.9,Outstanding performance this semester but finds it difficult to keep up with the pace.,6,Average,78.3
2386,3.9,95.2,70.7,Consistently submits assignments on time.,3,Average,66.4
2387,8.0,69.7,66.7,Demonstrates great understanding of core concepts.,5,Average,78.2
2388,2.2,82.3,98.0,Consistently submits assignments on time and outstanding performance this semester.,8,Average,69.8
2389,9.7,61.6,74.3,Finds it difficult to keep up with the pace but shows excellent analytical thinking.,4,Average,81.7
2390,5.1,86.7,91.8,Shows excellent analytical thinking and active participant and eager to learn.,7,Average,81.3
2391,3.1,72.9,48.4,Needs significant improvement in fundamentals.,4,Dropout Risk,48.3
2392,1.7,95.9,74.2,Active participant and eager to learn but needs significant improvement in fundamentals.,1,Average,65.3
2393,2.5,95.5,92.1,Active participant and eager to learn and outstanding performance this semester.,3,Average,82.0
2394,5.7,73.0,75.0,Demonstrates great understanding of core concepts.,1,Average,67.9
2395,4.0,96.0,83.1,Outstanding performance this semester and highly engaged in class discussions.,6,Average,82.0
2396,8.5,99.8,62.3,Shows excellent analytical thinking and active participant and eager to learn.,6,Top 5%,92.0
2397,4.9,93.0,45.5,Needs significant improvement in fundamentals but consistently submits assignments on time.,2,Average,59.1
2398,3.2,93.8,67.5,Consistently submits assignments on time.,6,Average,59.2
2399,6.6,70.0,63.7,Demonstrates great understanding of core concepts.,0,Average,70.9
2400,7.4,83.1,92.0,Shows excellent analytical thinking and outstanding performance this semester.,0,Average,84.8
2401,2.5,62.7,54.6,Inconsistent attendance affecting performance and needs significant improvement in fundamentals.,8,Average,58.8
2402,2.5,63.8,98.0,Outstanding performance this semester but inconsistent attendance affecting performance.,5,Average,67.3
2403,1.3,100.0,97.5,Outstanding performance this semester but needs significant improvement in fundamentals.,4,Average,69.6
2404,7.6,73.1,54.9,Frequently distracted during lectures but demonstrates great understanding of core concepts.,5,Average,64.8
2405,7.0,89.9,60.9,Shows excellent analytical thinking and active participant and eager to learn.,5,Average,81.2
2406,5.3,92.3,93.7,Shows excellent analytical thinking and outstanding performance this semester.,0,Average,80.8
2407,8.6,94.3,98.0,Demonstrates great understanding of core concepts and outstanding performance this semester.,4,Top 5%,97.8
2408,8.3,99.9,66.6,Consistently submits assignments on time and demonstrates great understanding of core concepts.,8,Average,90.3
2409,6.3,69.7,59.3,Shows excellent analytical thinking.,3,Average,64.1
2410,8.8,61.6,71.6,Finds it difficult to keep up with the pace but demonstrates great understanding of core concepts.,2,Average,77.7
2411,2.9,76.4,81.3,Outstanding performance this semester.,0,Average,65.3
2412,2.0,65.2,56.4,Struggling with algebra concepts.,1,Dropout Risk,52.6
2413,3.4,60.9,84.2,Outstanding performance this semester but finds it difficult to keep up with the pace.,2,Average,66.9
2414,1.5,74.4,43.1,Frequently distracted during lectures and needs significant improvement in fundamentals.,3,Dropout Risk,43.8
2415,5.8,91.3,43.0,Shows excellent analytical thinking but frequently distracted during lectures.,6,Average,65.1
2416,9.4,82.6,63.2,Highly engaged in class discussions and shows excellent analytical thinking.,5,Average,81.2
2417,1.4,72.5,61.2,Struggling with algebra concepts.,7,Dropout Risk,43.6
2418,2.1,86.2,58.9,Active participant and eager to learn.,8,Average,58.1
2419,5.1,69.3,69.5,Demonstrates great understanding of core concepts.,5,Average,75.8
2420,9.4,60.6,59.2,Demonstrates great understanding of core concepts but inconsistent attendance affecting performance.,6,Average,70.4
2421,3.8,90.6,51.5,Needs significant improvement in fundamentals but active participant and eager to learn.,3,Average,57.4
2422,5.6,84.9,58.6,Active participant and eager to learn and demonstrates great understanding of core concepts.,1,Average,64.0
2423,1.4,90.5,98.5,Needs significant improvement in fundamentals but outstanding performance this semester.,8,Average,75.0
2424,2.3,61.6,64.7,Finds it difficult to keep up with the pace.,8,Average,54.7
2425,9.9,93.5,66.7,Demonstrates great understanding of core concepts and active participant and eager to learn.,3,Average,88.5
2426,9.7,84.8,74.6,Demonstrates great understanding of core concepts and highly engaged in class discussions.,2,Average,84.6
2427,1.0,82.5,99.0,Needs significant improvement in fundamentals but outstanding performance this semester.,9,Average,68.5
2428,9.6,85.0,54.5,Shows excellent analytical thinking but frequently distracted during lectures.,5,Average,73.0
2429,6.8,94.6,80.9,Consistently submits assignments on time and shows excellent analytical thinking.,2,Average,85.1
2430,8.8,83.5,83.0,Highly engaged in class discussions and outstanding performance this semester.,0,Top 5%,93.4
2431,5.1,83.2,76.4,Demonstrates great understanding of core concepts and outstanding performance this semester.,3,Average,67.1
2432,5.6,99.6,45.3,Frequently distracted during lectures but active participant and eager to learn.,0,Average,60.1
2433,5.4,90.3,80.6,Active participant and eager to learn and outstanding performance this semester.,1,Average,86.1
2434,7.0,77.7,43.8,Shows excellent analytical thinking but frequently distracted during lectures.,2,Average,62.3
2435,2.3,88.3,75.8,Outstanding performance this semester and active participant and eager to learn.,7,Average,70.4
2436,1.3,75.6,84.4,Struggling with algebra concepts but outstanding performance this semester.,9,Average,60.1
2437,3.8,69.2,52.7,Needs significant improvement in fundamentals.,3,Average,54.2
2438,7.3,83.9,90.5,Highly engaged in class discussions and demonstrates great understanding of core concepts.,3,Average,89.3
2439,2.8,97.1,41.8,Frequently distracted during lectures but highly engaged in class discussions.,9,Dropout Risk,51.3
2440,7.1,97.2,90.6,Consistently submits assignments on time and outstanding performance this semester.,8,Average,90.8
2441,9.7,73.7,67.6,Shows excellent analytical thinking.,6,Average,81.3
2442,1.8,81.1,53.1,Consistently submits assignments on time but needs significant improvement in fundamentals.,1,Dropout Risk,45.4
2443,7.1,68.5,48.0,Demonstrates great understanding of core concepts but frequently distracted during lectures.,2,Average,66.1
2444,5.0,99.8,97.2,Outstanding performance this semester and active participant and eager to learn.,3,Average,85.0
2445,8.8,99.2,44.4,Frequently distracted during lectures but consistently submits assignments on time.,3,Average,77.6
2446,2.6,86.0,51.9,Frequently distracted during lectures but active participant and eager to learn.,9,Dropout Risk,49.6
2447,7.2,92.2,60.9,Demonstrates great understanding of core concepts and active participant and eager to learn.,7,Average,85.3
2448,8.5,88.6,77.2,Demonstrates great understanding of core concepts and outstanding performance this semester.,9,Average,91.8
2449,9.5,83.7,72.7,Shows excellent analytical thinking and consistently submits assignments on time.,9,Top 5%,92.3
2450,7.1,62.1,47.5,Shows excellent analytical thinking but needs significant improvement in fundamentals.,5,Average,61.2
2451,5.5,78.2,57.4,Demonstrates great understanding of core concepts.,2,Average,56.9
2452,6.6,87.0,54.3,Demonstrates great understanding of core concepts but frequently distracted during lectures.,8,Average,80.6
2453,8.8,87.1,52.8,Active participant and eager to learn but frequently distracted during lectures.,9,Average,77.8
2454,6.1,74.9,64.7,Shows excellent analytical thinking.,7,Average,66.1
2455,1.3,97.7,82.2,Struggling with algebra concepts but outstanding performance this semester.,8,Average,68.7
2456,9.4,66.7,53.0,Frequently distracted during lectures but demonstrates great understanding of core concepts.,4,Average,79.9
2457,7.2,80.0,62.0,Active participant and eager to learn and shows excellent analytical thinking.,2,Average,73.9
2458,7.1,87.6,63.5,Shows excellent analytical thinking and consistently submits assignments on time.,3,Average,82.9
2459,2.9,87.9,98.6,Outstanding performance this semester and consistently submits assignments on time.,4,Average,81.5
2460,6.9,85.9,97.3,Shows excellent analytical thinking and consistently submits assignments on time.,8,Average,83.6
2461,4.5,71.0,88.0,Outstanding performance this semester.,8,Average,69.0
2462,6.9,66.2,54.5,Shows excellent analytical thinking but needs significant improvement in fundamentals.,2,Average,70.5
2463,2.0,85.4,44.1,Highly engaged in class discussions but needs significant improvement in fundamentals.,6,Dropout Risk,36.6
2464,6.9,84.0,59.0,Active participant and eager to learn and shows excellent analytical thinking.,5,Average,72.3
2465,10.0,67.2,56.0,Shows excellent analytical thinking.,3,Average,70.4
2466,1.4,88.2,70.4,Consistently submits assignments on time but struggling with algebra concepts.,4,Average,57.2
2467,9.8,78.2,86.7,Outstanding performance this semester and shows excellent analytical thinking.,9,Average,90.9
2468,4.7,86.7,91.5,Outstanding performance this semester and highly engaged in class discussions.,1,Average,77.1
2469,8.8,93.5,90.7,Active participant and eager to learn and shows excellent analytical thinking.,6,Top 5%,92.5
2470,8.0,66.8,61.6,Shows excellent analytical thinking.,3,Average,67.3
2471,6.1,60.8,81.2,Inconsistent attendance affecting performance but outstanding performance this semester.,1,Average,83.5
2472,7.6,91.2,58.8,Active participant and eager to learn and demonstrates great understanding of core concepts.,5,Average,87.0
2473,8.9,84.4,43.7,Needs significant improvement in fundamentals but demonstrates great understanding of core concepts.,1,Average,68.1
2474,4.6,88.0,82.1,Outstanding performance this semester and consistently submits assignments on time.,9,Average,83.4
2475,3.9,93.5,40.6,Frequently distracted during lectures but active participant and eager to learn.,1,Average,56.1
2476,7.0,92.1,64.6,Active participant and eager to learn and demonstrates great understanding of core concepts.,6,Average,78.6
2477,8.3,98.4,59.8,Shows excellent analytical thinking and highly engaged in class discussions.,0,Average,82.1
2478,7.9,81.4,81.6,Outstanding performance this semester and highly engaged in class discussions.,6,Average,81.3
2479,8.2,79.5,86.0,Outstanding performance this semester and shows excellent analytical thinking.,9,Average,91.8
2480,4.9,76.1,58.2,Needs significant improvement in fundamentals.,4,Average,64.0
2481,8.4,66.1,88.7,Outstanding performance this semester and shows excellent analytical thinking.,0,Average,82.2
2482,2.1,82.9,57.6,Active participant and eager to learn.,5,Dropout Risk,48.7
2483,5.9,71.1,66.8,Shows excellent analytical thinking.,6,Average,64.2
2484,1.1,96.9,83.6,Struggling with algebra concepts but highly engaged in class discussions.,0,Average,58.0
2485,3.9,83.3,81.6,Consistently submits assignments on time and outstanding performance this semester.,8,Average,71.4
2486,4.3,83.7,99.2,Outstanding performance this semester and active participant and eager to learn.,6,Average,73.9
2487,4.6,74.2,53.5,Frequently distracted during lectures.,0,Average,58.3
2488,7.3,62.1,79.7,Finds it difficult to keep up with the pace but outstanding performance this semester.,2,Average,82.8
2489,4.5,61.3,76.6,Finds it difficult to keep up with the pace but outstanding performance this semester.,4,Average,70.7
2490,5.0,76.9,94.9,Outstanding performance this semester and demonstrates great understanding of core concepts.,3,Average,78.5
2491,3.1,63.4,49.4,Finds it difficult to keep up with the pace and frequently distracted during lectures.,1,Dropout Risk,49.3
2492,4.4,84.3,85.1,Outstanding performance this semester and highly engaged in class discussions.,0,Average,84.0
2493,3.0,95.2,74.1,Consistently submits assignments on time.,3,Average,71.5
2494,1.7,95.3,56.5,Highly engaged in class discussions but needs significant improvement in fundamentals.,6,Average,55.4
2495,6.4,86.4,68.5,Consistently submits assignments on time and demonstrates great understanding of core concepts.,3,Average,68.7
2496,7.0,68.4,60.0,Demonstrates great understanding of core concepts.,8,Average,71.1
2497,6.6,94.5,74.8,Shows excellent analytical thinking and consistently submits assignments on time.,7,Average,85.4
2498,5.2,95.4,93.3,Consistently submits assignments on time and outstanding performance this semester.,7,Average,80.9
2499,4.4,67.9,74.2,Demonstrates great understanding of core concepts.,4,Average,66.9
2500,8.8,89.5,77.9,Outstanding performance this semester and highly engaged in class discussions.,0,Average,86.9
2501,5.7,71.5,71.1,Demonstrates great understanding of core concepts.,8,Average,68.8
2502,5.3,92.1,43.1,Needs significant improvement in fundamentals but shows excellent analytical thinking.,1,Dropout Risk,51.0
2503,1.2,99.9,54.0,Active participant and eager to learn but struggling with algebra concepts.,5,Average,54.8
2504,4.1,61.2,69.5,Finds it difficult to keep up with the pace.,9,Average,65.3
2505,4.4,95.9,58.6,Consistently submits assignments on time.,4,Average,64.5
2506,4.6,84.9,50.9,Needs significant improvement in fundamentals but consistently submits assignments on time.,9,Average,62.2
2507,6.2,98.9,70.2,Highly engaged in class discussions and demonstrates great understanding of core concepts.,7,Average,75.8
2508,5.8,78.6,59.4,Demonstrates great understanding of core concepts.,2,Average,69.4
2509,6.5,93.9,55.5,Shows excellent analytical thinking and highly engaged in class discussions.,5,Average,71.9
2510,7.9,62.5,67.8,Finds it difficult to keep up with the pace but demonstrates great understanding of core concepts.,5,Average,68.8
2511,8.3,73.4,48.0,Frequently distracted during lectures but demonstrates great understanding of core concepts.,9,Average,77.0
2512,7.5,62.7,95.7,Inconsistent attendance affecting performance but outstanding performance this semester.,2,Average,87.8
2513,9.6,99.0,92.1,Highly engaged in class discussions and outstanding performance this semester.,6,Top 5%,97.1
2514,1.2,92.7,82.5,Consistently submits assignments on time but needs significant improvement in fundamentals.,3,Average,67.3
2515,2.8,94.1,46.4,Consistently submits assignments on time but frequently distracted during lectures.,4,Average,59.1
2516,1.1,97.5,86.6,Outstanding performance this semester but struggling with algebra concepts.,8,Average,70.8
2517,6.8,63.4,88.5,Inconsistent attendance affecting performance but outstanding performance this semester.,5,Average,69.8
2518,9.1,75.4,86.1,Outstanding performance this semester and demonstrates great understanding of core concepts.,9,Top 5%,93.9
2519,3.2,62.8,46.8,Needs significant improvement in fundamentals and inconsistent attendance affecting performance.,3,Dropout Risk,45.9
2520,9.3,68.4,78.6,Demonstrates great understanding of core concepts and outstanding performance this semester.,7,Average,82.9
2521,1.5,69.2,90.1,Outstanding performance this semester but needs significant improvement in fundamentals.,8,Average,75.4
2522,9.4,78.8,74.6,Demonstrates great understanding of core concepts.,9,Average,87.9
2523,4.2,70.7,78.8,Outstanding performance this semester.,4,Average,65.4
2524,1.9,64.0,67.5,Struggling with algebra concepts and inconsistent attendance affecting performance.,1,Dropout Risk,41.9
2525,5.4,66.7,71.7,Demonstrates great understanding of core concepts.,5,Average,74.5
2526,3.3,65.9,42.1,Frequently distracted during lectures.,7,Dropout Risk,41.5
2527,3.6,98.9,78.3,Outstanding performance this semester and active participant and eager to learn.,4,Average,68.5
2528,3.8,90.4,44.9,Consistently submits assignments on time but needs significant improvement in fundamentals.,0,Average,56.6
2529,8.2,98.7,66.1,Consistently submits assignments on time and shows excellent analytical thinking.,7,Top 5%,91.9
2530,5.9,77.6,57.6,Shows excellent analytical thinking.,8,Average,70.7
2531,3.8,71.1,72.7,Finds it difficult to keep up with the pace but demonstrates great understanding of core concepts.,0,Average,62.9
2532,6.5,91.9,48.0,Frequently distracted during lectures but demonstrates great understanding of core concepts.,7,Average,71.0
2533,7.4,73.1,81.5,Shows excellent analytical thinking and outstanding performance this semester.,9,Average,77.6
2534,3.5,72.0,87.7,Outstanding performance this semester.,1,Average,69.5
2535,4.7,69.3,49.8,Needs significant improvement in fundamentals.,3,Average,57.6
2536,2.1,65.2,46.3,Frequently distracted during lectures.,1,Dropout Risk,50.2
2537,2.6,70.3,48.7,Needs significant improvement in fundamentals.,1,Average,54.6
2538,7.1,74.2,92.6,Demonstrates great understanding of core concepts and outstanding performance this semester.,9,Average,86.7
2539,2.6,87.0,71.7,Consistently submits assignments on time.,2,Average,62.2
2540,5.7,62.5,68.0,Demonstrates great understanding of core concepts but finds it difficult to keep up with the pace.,7,Average,69.7
2541,7.4,68.4,46.4,Shows excellent analytical thinking but frequently distracted during lectures.,3,Average,64.5
2542,2.0,92.4,79.0,Highly engaged in class discussions but struggling with algebra concepts.,6,Average,60.8
2543,6.1,65.9,92.1,Outstanding performance this semester and shows excellent analytical thinking.,9,Average,75.9
2544,3.3,73.7,89.7,Outstanding performance this semester.,2,Average,70.0
2545,9.7,94.6,77.6,Outstanding performance this semester and demonstrates great understanding of core concepts.,9,Top 5%,97.8
2546,5.4,66.2,44.5,Frequently distracted during lectures but shows excellent analytical thinking.,2,Average,55.5
2547,8.3,63.3,46.7,Frequently distracted during lectures but demonstrates great understanding of core concepts.,1,Average,60.5
2548,6.0,79.4,43.0,Shows excellent analytical thinking but frequently distracted during lectures.,5,Average,62.1
2549,1.4,72.1,55.4,Needs significant improvement in fundamentals.,5,Dropout Risk,49.2
2550,6.7,82.5,48.1,Consistently submits assignments on time but frequently distracted during lectures.,0,Average,68.4
2551,9.6,92.2,55.6,Active participant and eager to learn and demonstrates great understanding of core concepts.,6,Average,88.0
2552,6.4,65.5,63.1,Demonstrates great understanding of core concepts.,3,Average,72.4
2553,8.4,83.2,96.6,Outstanding performance this semester and highly engaged in class discussions.,2,Average,89.9
2554,9.0,80.2,76.6,Active participant and eager to learn and outstanding performance this semester.,7,Average,83.0
2555,3.1,65.8,90.1,Outstanding performance this semester.,1,Average,61.3
2556,2.9,85.0,82.6,Consistently submits assignments on time and outstanding performance this semester.,8,Average,72.2
2557,6.5,70.9,46.8,Frequently distracted during lectures but shows excellent analytical thinking.,7,Average,70.0
2558,4.7,79.5,84.2,Outstanding performance this semester.,7,Average,72.4
2559,8.6,63.3,56.5,Shows excellent analytical thinking but inconsistent attendance affecting performance.,2,Average,70.3
2560,9.1,78.4,78.3,Demonstrates great understanding of core concepts and outstanding performance this semester.,3,Top 5%,94.0
2561,4.2,72.3,60.5,Inconsistent attendance affecting performance.,1,Average,63.0
2562,3.1,92.9,99.9,Outstanding performance this semester and highly engaged in class discussions.,1,Average,81.0
2563,8.0,62.3,55.8,Inconsistent attendance affecting performance but shows excellent analytical thinking.,3,Average,63.1
2564,3.5,76.7,56.7,Needs significant improvement in fundamentals.,5,Average,61.3
2565,8.4,78.3,95.8,Outstanding performance this semester and shows excellent analytical thinking.,4,Average,86.6
2566,4.8,89.0,41.5,Frequently distracted during lectures but active participant and eager to learn.,0,Average,54.5
2567,7.0,83.0,81.8,Demonstrates great understanding of core concepts and outstanding performance this semester.,9,Average,80.4
2568,1.9,86.7,83.5,Struggling with algebra concepts but consistently submits assignments on time.,0,Average,63.0
2569,6.6,91.1,90.2,Active participant and eager to learn and shows excellent analytical thinking.,5,Average,85.4
2570,5.1,94.5,98.5,Demonstrates great understanding of core concepts and highly engaged in class discussions.,2,Average,78.3
2571,6.3,72.6,98.5,Demonstrates great understanding of core concepts and outstanding performance this semester.,2,Average,88.0
2572,2.5,81.5,43.9,Active participant and eager to learn but frequently distracted during lectures.,6,Average,56.5
2573,7.6,93.6,89.3,Shows excellent analytical thinking and outstanding performance this semester.,0,Average,80.8
2574,8.8,99.6,78.8,Shows excellent analytical thinking and consistently submits assignments on time.,0,Top 5%,97.0
2575,3.0,95.6,78.8,Outstanding performance this semester and highly engaged in class discussions.,9,Average,66.5
2576,1.9,74.9,47.7,Frequently distracted during lectures and struggling with algebra concepts.,2,Dropout Risk,52.3
2577,1.2,67.8,79.0,Outstanding performance this semester but struggling with algebra concepts.,7,Average,55.8
2578,6.8,79.6,98.9,Demonstrates great understanding of core concepts and outstanding performance this semester.,0,Average,87.3
2579,6.5,89.7,94.7,Demonstrates great understanding of core concepts and highly engaged in class discussions.,9,Average,86.5
2580,5.9,79.7,66.3,Demonstrates great understanding of core concepts.,3,Average,77.2
2581,3.1,79.3,42.4,Frequently distracted during lectures.,8,Dropout Risk,45.4
2582,4.5,93.5,61.7,Active participant and eager to learn.,3,Average,71.6
2583,6.4,74.5,89.6,Outstanding performance this semester and shows excellent analytical thinking.,9,Average,85.9
2584,5.5,94.4,82.1,Demonstrates great understanding of core concepts and outstanding performance this semester.,7,Average,83.9
2585,9.9,76.3,67.6,Shows excellent analytical thinking.,6,Top 5%,96.1
2586,2.2,73.1,43.3,Frequently distracted during lectures.,2,Dropout Risk,44.4
2587,7.3,78.2,65.6,Demonstrates great understanding of core concepts.,6,Average,79.9
2588,4.6,90.5,68.1,Consistently submits assignments on time.,6,Average,70.1
2589,4.9,65.0,95.7,Outstanding performance this semester.,9,Average,81.0
2590,7.5,67.9,78.5,Outstanding performance this semester and demonstrates great understanding of core concepts.,2,Average,77.8
2591,7.2,98.1,58.7,Active participant and eager to learn and demonstrates great understanding of core concepts.,1,Average,76.3
2592,9.9,67.0,71.5,Demonstrates great understanding of core concepts.,8,Average,90.0
2593,2.2,82.7,44.0,Consistently submits assignments on time but needs significant improvement in fundamentals.,0,Dropout Risk,47.5
2594,1.9,83.2,98.4,Needs significant improvement in fundamentals but outstanding performance this semester.,6,Average,64.0
2595,7.5,79.6,61.6,Shows excellent analytical thinking.,3,Average,72.2
2596,6.2,85.8,68.7,Active participant and eager to learn and shows excellent analytical thinking.,1,Average,78.0
2597,3.5,69.2,61.3,Frequently distracted during lectures.,1,Average,64.4
2598,1.7,82.1,81.0,Needs significant improvement in fundamentals but outstanding performance this semester.,7,Average,63.6
2599,1.8,74.9,79.7,Outstanding performance this semester but struggling with algebra concepts.,6,Average,67.1
2600,9.0,86.5,82.9,Demonstrates great understanding of core concepts and outstanding performance this semester.,6,Average,84.0
2601,2.7,65.6,56.1,Needs significant improvement in fundamentals.,4,Dropout Risk,49.5
2602,3.9,82.8,58.9,Consistently submits assignments on time.,9,Average,60.7
2603,3.0,67.4,47.5,Frequently distracted during lectures.,7,Dropout Risk,49.3
2604,4.2,71.1,79.3,Outstanding performance this semester.,1,Average,68.2
2605,1.6,68.7,42.4,Frequently distracted during lectures and needs significant improvement in fundamentals.,1,Dropout Risk,46.7
2606,5.7,67.3,75.9,Outstanding performance this semester and shows excellent analytical thinking.,4,Average,68.2
2607,1.6,93.0,92.2,Outstanding performance this semester but struggling with algebra concepts.,0,Average,71.1
2608,8.2,71.4,93.4,Demonstrates great understanding of core concepts and outstanding performance this semester.,5,Average,87.3
2609,3.1,97.1,66.9,Highly engaged in class discussions.,3,Average,62.1
2610,5.9,98.8,67.6,Active participant and eager to learn and demonstrates great understanding of core concepts.,5,Average,76.6
2611,8.9,82.9,44.6,Demonstrates great understanding of core concepts but frequently distracted during lectures.,6,Average,73.2
2612,6.9,65.7,80.2,Demonstrates great understanding of core concepts and outstanding performance this semester.,2,Average,75.0
2613,5.8,75.0,89.3,Outstanding performance this semester and shows excellent analytical thinking.,7,Average,78.7
2614,3.9,91.9,54.7,Consistently submits assignments on time but needs significant improvement in fundamentals.,6,Average,63.5
2615,4.0,74.7,65.3,Needs significant improvement in fundamentals.,0,Average,60.3
2616,7.0,63.5,90.3,Shows excellent analytical thinking but finds it difficult to keep up with the pace.,5,Average,86.1
2617,9.9,82.3,92.6,Outstanding performance this semester and demonstrates great understanding of core concepts.,6,Average,90.7
2618,7.0,93.8,54.6,Needs significant improvement in fundamentals but consistently submits assignments on time.,3,Average,70.7
2619,6.0,91.8,73.0,Highly engaged in class discussions and demonstrates great understanding of core concepts.,1,Average,91.7
2620,7.6,67.0,51.5,Frequently distracted during lectures but shows excellent analytical thinking.,9,Average,62.0
2621,5.2,86.9,46.1,Highly engaged in class discussions but frequently distracted during lectures.,8,Average,55.9
2622,1.5,68.8,94.7,Outstanding performance this semester but struggling with algebra concepts.,6,Average,67.6
2623,6.1,68.7,89.2,Outstanding performance this semester and shows excellent analytical thinking.,0,Average,67.1
2624,9.6,95.0,85.6,Highly engaged in class discussions and shows excellent analytical thinking.,7,Top 5%,95.2
2625,2.6,70.0,42.9,Frequently distracted during lectures.,2,Average,57.9
2626,7.2,70.5,90.6,Outstanding performance this semester and shows excellent analytical thinking.,3,Average,74.9
2627,2.8,60.0,66.3,Inconsistent attendance affecting performance.,4,Dropout Risk,44.4
2628,5.8,94.8,60.5,Highly engaged in class discussions and demonstrates great understanding of core concepts.,0,Average,65.5
2629,1.9,91.7,72.8,Needs significant improvement in fundamentals but consistently submits assignments on time.,5,Average,67.7
2630,5.1,85.1,45.5,Needs significant improvement in fundamentals but consistently submits assignments on time.,9,Average,67.0
2631,7.8,90.0,85.4,Demonstrates great understanding of core concepts and highly engaged in class discussions.,5,Average,85.9
2632,4.1,66.1,74.9,Consistently submits assignments on time.,1,Average,67.7
2633,7.0,78.3,51.2,Demonstrates great understanding of core concepts but frequently distracted during lectures.,9,Average,75.4
2634,8.2,74.0,51.3,Shows excellent analytical thinking but frequently distracted during lectures.,5,Average,80.2
2635,9.3,63.8,51.1,Shows excellent analytical thinking but finds it difficult to keep up with the pace.,7,Average,71.0
2636,3.1,79.4,43.4,Needs significant improvement in fundamentals.,5,Dropout Risk,40.6
2637,4.6,96.8,75.3,Outstanding performance this semester and highly engaged in class discussions.,3,Average,71.1
2638,2.4,61.6,90.4,Inconsistent attendance affecting performance but outstanding performance this semester.,3,Average,60.8
2639,9.9,71.7,41.0,Frequently distracted during lectures but shows excellent analytical thinking.,8,Average,71.4
2640,9.3,68.3,42.9,Demonstrates great understanding of core concepts but needs significant improvement in fundamentals.,5,Average,69.4
2641,5.9,69.5,74.4,Demonstrates great understanding of core concepts.,7,Average,76.7
2642,8.6,96.3,89.2,Demonstrates great understanding of core concepts and outstanding performance this semester.,7,Top 5%,100.0
2643,5.7,78.7,59.6,Shows excellent analytical thinking.,6,Average,66.5
2644,6.6,78.7,61.0,Demonstrates great understanding of core concepts.,2,Average,76.6
2645,1.8,90.4,75.8,Active participant and eager to learn but needs significant improvement in fundamentals.,9,Average,65.5
2646,7.8,66.2,56.5,Shows excellent analytical thinking.,0,Average,70.0
2647,2.1,79.5,41.6,Frequently distracted during lectures.,4,Dropout Risk,52.5
2648,8.4,77.2,84.1,Outstanding performance this semester and shows excellent analytical thinking.,9,Average,86.7
2649,8.0,83.9,77.5,Demonstrates great understanding of core concepts and consistently submits assignments on time.,9,Top 5%,94.6
2650,7.4,100.0,74.8,Shows excellent analytical thinking and consistently submits assignments on time.,1,Average,78.6
2651,1.3,90.8,84.5,Struggling with algebra concepts but consistently submits assignments on time.,9,Average,63.1
2652,3.7,75.9,80.5,Outstanding performance this semester.,1,Average,67.4
2653,3.4,93.1,52.4,Frequently distracted during lectures but consistently submits assignments on time.,6,Average,62.9
2654,4.2,66.8,61.1,Active participant and eager to learn.,2,Average,65.7
2655,1.8,61.2,47.6,Needs significant improvement in fundamentals and frequently distracted during lectures.,7,Dropout Risk,43.5
2656,9.4,68.2,47.8,Shows excellent analytical thinking but frequently distracted during lectures.,8,Average,65.5
2657,6.0,73.6,80.6,Outstanding performance this semester and demonstrates great understanding of core concepts.,7,Average,79.5
2658,3.7,80.4,91.5,Outstanding performance this semester and active participant and eager to learn.,5,Average,77.6
2659,4.6,84.6,97.8,Highly engaged in class discussions and outstanding performance this semester.,4,Average,70.8
2660,5.0,96.4,77.7,Outstanding performance this semester and highly engaged in class discussions.,2,Average,77.6
2661,6.4,80.4,51.0,Active participant and eager to learn but needs significant improvement in fundamentals.,2,Average,59.0
2662,5.6,80.1,46.3,Frequently distracted during lectures but shows excellent analytical thinking.,6,Average,59.0
2663,9.3,62.0,88.8,Outstanding performance this semester but inconsistent attendance affecting performance.,4,Average,82.1
2664,5.5,61.4,74.7,Inconsistent attendance affecting performance but demonstrates great understanding of core concepts.,5,Average,71.5
2665,9.9,82.0,77.1,Outstanding performance this semester and consistently submits assignments on time.,5,Average,90.8
2666,8.7,77.5,86.9,Outstanding performance this semester and demonstrates great understanding of core concepts.,8,Average,81.9
2667,2.9,93.6,82.2,Outstanding performance this semester and highly engaged in class discussions.,0,Average,75.4
2668,9.4,66.4,90.1,Outstanding performance this semester and shows excellent analytical thinking.,7,Average,81.6
2669,2.0,61.0,43.4,Finds it difficult to keep up with the pace and frequently distracted during lectures.,9,Dropout Risk,44.5
2670,8.4,78.0,84.9,Outstanding performance this semester and demonstrates great understanding of core concepts.,4,Average,82.5
2671,4.4,69.5,91.1,Outstanding performance this semester.,5,Average,70.9
2672,8.9,62.0,57.2,Shows excellent analytical thinking but finds it difficult to keep up with the pace.,5,Average,75.1
2673,8.8,89.0,78.4,Consistently submits assignments on time and outstanding performance this semester.,0,Average,91.5
2674,8.3,64.5,58.8,Finds it difficult to keep up with the pace but demonstrates great understanding of core concepts.,2,Average,78.5
2675,8.1,84.3,97.5,Outstanding performance this semester and demonstrates great understanding of core concepts.,5,Top 5%,92.3
2676,3.7,71.2,42.0,Needs significant improvement in fundamentals.,8,Dropout Risk,52.8
2677,1.7,66.9,74.8,Struggling with algebra concepts.,5,Dropout Risk,53.9
2678,4.6,75.2,50.0,Frequently distracted during lectures.,5,Average,59.7
2679,2.6,92.1,82.7,Active participant and eager to learn and outstanding performance this semester.,0,Average,71.9
2680,7.3,75.7,50.6,Frequently distracted during lectures but demonstrates great understanding of core concepts.,8,Average,67.8
2681,4.1,90.0,54.1,Frequently distracted during lectures but highly engaged in class discussions.,3,Average,54.0
2682,9.8,65.0,69.7,Shows excellent analytical thinking.,1,Average,83.3
2683,6.8,90.9,94.9,Active participant and eager to learn and outstanding performance this semester.,0,Average,90.7
2684,8.4,69.5,52.7,Shows excellent analytical thinking but frequently distracted during lectures.,2,Average,67.9
2685,2.2,87.1,48.7,Active participant and eager to learn but needs significant improvement in fundamentals.,2,Dropout Risk,46.8
2686,8.8,82.6,85.5,Shows excellent analytical thinking and highly engaged in class discussions.,4,Top 5%,97.0
2687,9.3,97.2,70.0,Highly engaged in class discussions and demonstrates great understanding of core concepts.,0,Top 5%,92.2
2688,5.4,75.5,94.7,Outstanding performance this semester and shows excellent analytical thinking.,6,Average,78.2
2689,6.5,62.6,48.8,Frequently distracted during lectures but shows excellent analytical thinking.,0,Average,55.2
2690,7.9,60.8,78.8,Outstanding performance this semester but finds it difficult to keep up with the pace.,3,Average,73.2
2691,2.6,93.1,54.0,Needs significant improvement in fundamentals but active participant and eager to learn.,5,Average,65.0
2692,5.5,81.0,49.4,Active participant and eager to learn but needs significant improvement in fundamentals.,0,Average,64.1
2693,4.6,91.0,81.0,Outstanding performance this semester and consistently submits assignments on time.,6,Average,73.0
2694,2.3,69.4,75.6,Outstanding performance this semester.,9,Average,61.7
2695,4.3,73.8,85.3,Outstanding performance this semester.,6,Average,67.3
2696,1.6,61.2,58.6,Needs significant improvement in fundamentals and finds it difficult to keep up with the pace.,2,Average,54.9
2697,1.2,98.5,66.9,Needs significant improvement in fundamentals but active participant and eager to learn.,3,Average,67.4
2698,2.2,86.7,64.3,Consistently submits assignments on time.,5,Average,57.2
2699,9.7,97.3,99.0,Demonstrates great understanding of core concepts and outstanding performance this semester.,6,Top 5%,99.5
2700,5.9,70.6,57.5,Shows excellent analytical thinking.,3,Dropout Risk,51.9
2701,9.7,84.5,57.7,Shows excellent analytical thinking and active participant and eager to learn.,9,Average,74.9
2702,4.9,87.1,61.3,Active participant and eager to learn.,8,Average,61.1
2703,3.8,72.7,73.9,Demonstrates great understanding of core concepts.,8,Average,65.4
2704,5.6,93.9,55.1,Demonstrates great understanding of core concepts and highly engaged in class discussions.,8,Average,68.0
2705,5.0,97.9,94.9,Outstanding performance this semester and consistently submits assignments on time.,9,Average,78.0
2706,2.0,95.4,55.9,Needs significant improvement in fundamentals but consistently submits assignments on time.,5,Average,56.4
2707,6.8,89.6,93.7,Active participant and eager to learn and demonstrates great understanding of core concepts.,1,Average,90.6
2708,2.9,71.1,46.2,Needs significant improvement in fundamentals.,1,Dropout Risk,52.8
2709,6.6,71.3,79.4,Outstanding performance this semester and demonstrates great understanding of core concepts.,3,Average,66.7
2710,6.9,98.5,94.4,Active participant and eager to learn and shows excellent analytical thinking.,8,Average,90.7
2711,2.4,60.4,50.1,Inconsistent attendance affecting performance and frequently distracted during lectures.,2,Dropout Risk,39.5
2712,1.6,88.6,98.1,Highly engaged in class discussions but struggling with algebra concepts.,5,Average,75.8
2713,8.0,88.2,67.2,Consistently submits assignments on time and shows excellent analytical thinking.,1,Average,85.4
2714,5.1,84.9,96.7,Demonstrates great understanding of core concepts and consistently submits assignments on time.,0,Average,77.7
2715,1.5,99.6,80.6,Needs significant improvement in fundamentals but active participant and eager to learn.,4,Average,63.6
2716,10.0,72.5,58.1,Demonstrates great understanding of core concepts.,7,Average,77.5
2717,1.5,73.6,51.3,Struggling with algebra concepts and needs significant improvement in fundamentals.,9,Dropout Risk,36.7
2718,7.3,63.2,58.2,Shows excellent analytical thinking but inconsistent attendance affecting performance.,9,Average,69.3
2719,9.9,77.7,45.6,Needs significant improvement in fundamentals but shows excellent analytical thinking.,1,Average,74.7
2720,3.2,70.4,48.6,Frequently distracted during lectures.,9,Average,56.5
2721,2.3,73.7,46.3,Frequently distracted during lectures.,8,Dropout Risk,43.1
2722,2.1,93.4,65.4,Active participant and eager to learn.,7,Average,58.4
2723,3.7,97.4,87.7,Outstanding performance this semester and active participant and eager to learn.,2,Average,69.8
2724,1.9,67.4,48.5,Needs significant improvement in fundamentals and struggling with algebra concepts.,0,Dropout Risk,41.3
2725,7.2,74.9,47.8,Demonstrates great understanding of core concepts but needs significant improvement in fundamentals.,3,Average,61.0
2726,1.6,97.1,78.6,Struggling with algebra concepts but outstanding performance this semester.,7,Average,71.0
2727,5.6,62.5,51.8,Needs significant improvement in fundamentals but shows excellent analytical thinking.,2,Average,55.5
2728,10.0,63.7,45.9,Frequently distracted during lectures but shows excellent analytical thinking.,9,Average,73.0
2729,8.3,66.5,50.0,Demonstrates great understanding of core concepts but needs significant improvement in fundamentals.,1,Average,67.2
2730,6.5,83.8,95.4,Outstanding performance this semester and consistently submits assignments on time.,6,Average,79.8
2731,3.8,66.0,89.3,Outstanding performance this semester.,3,Average,67.8
2732,6.6,98.7,61.2,Consistently submits assignments on time and demonstrates great understanding of core concepts.,5,Average,80.3
2733,5.7,77.9,79.3,Shows excellent analytical thinking and outstanding performance this semester.,4,Average,69.2
2734,4.8,80.1,72.2,Consistently submits assignments on time.,1,Average,73.9
2735,2.2,69.9,80.6,Outstanding performance this semester.,9,Average,56.6
2736,9.0,78.8,81.0,Outstanding performance this semester and shows excellent analytical thinking.,1,Average,85.0
2737,5.0,86.5,77.7,Demonstrates great understanding of core concepts and highly engaged in class discussions.,8,Average,77.4
2738,2.8,90.0,56.0,Active participant and eager to learn.,9,Average,55.7
2739,4.3,90.2,42.3,Frequently distracted during lectures but consistently submits assignments on time.,1,Average,59.3
2740,4.7,83.1,67.3,Highly engaged in class discussions.,7,Average,66.8
2741,8.4,96.2,93.5,Active participant and eager to learn and shows excellent analytical thinking.,7,Top 5%,96.4
2742,7.6,92.7,74.2,Shows excellent analytical thinking and active participant and eager to learn.,0,Average,72.2
2743,7.9,90.3,89.9,Highly engaged in class discussions and outstanding performance this semester.,0,Average,81.6
2744,1.1,62.2,99.5,Struggling with algebra concepts but outstanding performance this semester.,3,Average,65.4
2745,4.7,60.3,49.8,Finds it difficult to keep up with the pace and needs significant improvement in fundamentals.,1,Average,59.8
2746,5.3,68.5,81.5,Outstanding performance this semester and demonstrates great understanding of core concepts.,0,Average,67.3
2747,1.2,86.5,80.5,Struggling with algebra concepts but consistently submits assignments on time.,8,Average,61.0
2748,3.3,76.4,98.8,Outstanding performance this semester.,2,Average,75.6
2749,7.8,76.1,99.1,Demonstrates great understanding of core concepts and outstanding performance this semester.,0,Top 5%,93.4
2750,2.2,95.4,81.2,Active participant and eager to learn and outstanding performance this semester.,1,Average,58.8
2751,5.8,95.8,54.6,Needs significant improvement in fundamentals but demonstrates great understanding of core concepts.,7,Average,66.5
2752,2.9,96.4,87.9,Consistently submits assignments on time and outstanding performance this semester.,4,Average,72.7
2753,1.1,72.6,46.4,Struggling with algebra concepts and frequently distracted during lectures.,6,Dropout Risk,47.7
2754,3.2,87.6,86.8,Outstanding performance this semester and highly engaged in class discussions.,5,Average,84.6
2755,9.8,70.9,94.6,Outstanding performance this semester and shows excellent analytical thinking.,0,Top 5%,92.2
2756,8.2,67.6,63.0,Shows excellent analytical thinking.,5,Average,67.2
2757,9.6,67.4,77.8,Shows excellent analytical thinking and outstanding performance this semester.,6,Average,87.1
2758,5.4,73.7,65.8,Demonstrates great understanding of core concepts.,3,Average,73.9
2759,2.0,77.2,66.3,Needs significant improvement in fundamentals.,7,Average,57.2
2760,5.9,93.2,58.6,Demonstrates great understanding of core concepts and highly engaged in class discussions.,7,Average,67.6
2761,5.1,64.8,85.7,Outstanding performance this semester but inconsistent attendance affecting performance.,6,Average,76.3
2762,8.6,89.4,96.2,Shows excellent analytical thinking and outstanding performance this semester.,1,Top 5%,98.7
2763,1.9,81.3,96.4,Consistently submits assignments on time but needs significant improvement in fundamentals.,5,Average,64.4
2764,5.4,71.5,50.5,Demonstrates great understanding of core concepts but needs significant improvement in fundamentals.,5,Average,62.4
2765,2.4,79.7,92.5,Outstanding performance this semester.,6,Average,74.1
2766,3.9,72.0,84.2,Outstanding performance this semester.,5,Average,74.9
2767,7.6,83.8,55.2,Shows excellent analytical thinking and highly engaged in class discussions.,1,Average,73.6
2768,5.3,77.4,44.0,Shows excellent analytical thinking but needs significant improvement in fundamentals.,7,Average,57.5
2769,4.4,66.6,56.1,Finds it difficult to keep up with the pace.,3,Average,63.9
2770,4.6,64.7,94.7,Outstanding performance this semester but finds it difficult to keep up with the pace.,8,Average,67.2
2771,5.1,81.9,78.0,Outstanding performance this semester and demonstrates great understanding of core concepts.,7,Average,75.9
2772,8.1,96.1,83.3,Outstanding performance this semester and highly engaged in class discussions.,2,Average,83.5
2773,9.0,73.8,55.4,Shows excellent analytical thinking.,2,Average,81.2
2774,9.6,89.3,83.2,Outstanding performance this semester and demonstrates great understanding of core concepts.,7,Top 5%,92.4
2775,8.1,86.3,41.7,Needs significant improvement in fundamentals but demonstrates great understanding of core concepts.,1,Average,77.2
2776,3.8,97.3,62.5,Active participant and eager to learn.,8,Average,70.1
2777,7.2,92.8,77.6,Consistently submits assignments on time and outstanding performance this semester.,3,Average,78.0
2778,4.9,82.7,48.8,Highly engaged in class discussions but frequently distracted during lectures.,5,Average,68.7
2779,3.3,86.3,89.4,Highly engaged in class discussions and outstanding performance this semester.,2,Average,80.9
2780,8.6,95.9,54.1,Frequently distracted during lectures but active participant and eager to learn.,2,Average,84.8
2781,1.3,76.0,79.1,Outstanding performance this semester but struggling with algebra concepts.,2,Average,55.4
2782,9.1,73.1,64.3,Shows excellent analytical thinking.,9,Average,78.0
2783,5.2,60.4,75.8,Outstanding performance this semester but inconsistent attendance affecting performance.,1,Average,67.2
2784,6.7,93.1,46.4,Needs significant improvement in fundamentals but highly engaged in class discussions.,7,Average,66.6
2785,6.9,92.0,41.0,Highly engaged in class discussions but needs significant improvement in fundamentals.,8,Average,76.7
2786,9.1,64.2,94.6,Outstanding performance this semester but inconsistent attendance affecting performance.,7,Average,89.5
2787,6.7,83.1,56.2,Shows excellent analytical thinking and highly engaged in class discussions.,9,Average,57.4
2788,6.5,78.6,89.2,Outstanding performance this semester and demonstrates great understanding of core concepts.,2,Average,83.8
2789,1.6,64.7,100.0,Finds it difficult to keep up with the pace but outstanding performance this semester.,6,Average,63.3
2790,5.7,99.2,52.7,Frequently distracted during lectures but demonstrates great understanding of core concepts.,9,Average,70.3
2791,2.4,68.6,55.9,Finds it difficult to keep up with the pace but outstanding performance this semester.,1,Dropout Risk,49.3
2792,7.6,62.7,79.8,Inconsistent attendance affecting performance but outstanding performance this semester.,3,Average,81.5
2793,5.6,83.8,97.9,Demonstrates great understanding of core concepts and active participant and eager to learn.,5,Average,89.5
2794,7.1,89.6,94.9,Outstanding performance this semester and demonstrates great understanding of core concepts.,4,Average,91.2
2795,1.4,61.3,70.2,Needs significant improvement in fundamentals and inconsistent attendance affecting performance.,8,Dropout Risk,49.6
2796,1.8,86.3,87.7,Needs significant improvement in fundamentals but outstanding performance this semester.,9,Average,67.0
2797,7.4,81.3,48.1,Demonstrates great understanding of core concepts but frequently distracted during lectures.,3,Average,69.8
2798,1.6,64.1,98.6,Outstanding performance this semester but needs significant improvement in fundamentals.,4,Average,60.5
2799,1.6,66.9,97.9,Outstanding performance this semester but struggling with algebra concepts.,3,Average,67.9
2800,1.1,82.7,49.8,Active participant and eager to learn but struggling with algebra concepts.,7,Dropout Risk,50.9
2801,9.6,71.9,58.0,Shows excellent analytical thinking.,7,Average,86.1
2802,7.6,97.5,46.0,Needs significant improvement in fundamentals but highly engaged in class discussions.,2,Average,80.7
2803,4.2,92.7,56.3,Highly engaged in class discussions.,0,Average,61.5
2804,3.7,99.3,89.0,Outstanding performance this semester and consistently submits assignments on time.,5,Average,82.3
2805,4.1,70.4,62.7,Inconsistent attendance affecting performance but highly engaged in class discussions.,1,Average,56.0
2806,8.0,98.8,45.3,Frequently distracted during lectures but demonstrates great understanding of core concepts.,1,Average,79.1
2807,7.0,77.2,60.5,Shows excellent analytical thinking.,2,Average,69.1
2808,2.7,73.9,98.9,Outstanding performance this semester.,7,Average,65.9
2809,2.6,62.0,77.8,Inconsistent attendance affecting performance but outstanding performance this semester.,2,Average,60.1
2810,1.9,62.1,65.0,Inconsistent attendance affecting performance and struggling with algebra concepts.,6,Dropout Risk,37.8
2811,6.9,87.7,50.0,Demonstrates great understanding of core concepts but needs significant improvement in fundamentals.,9,Average,61.8
2812,7.9,78.3,99.2,Outstanding performance this semester and shows excellent analytical thinking.,9,Average,89.9
2813,3.4,69.1,89.3,Outstanding performance this semester.,8,Average,68.7
2814,1.2,84.6,56.9,Highly engaged in class discussions but needs significant improvement in fundamentals.,7,Dropout Risk,50.4
2815,1.7,70.1,44.2,Needs significant improvement in fundamentals and needs significant improvement in fundamentals.,0,Dropout Risk,36.9
2816,9.7,83.1,43.4,Active participant and eager to learn but frequently distracted during lectures.,6,Average,72.2
2817,3.7,74.4,47.2,Frequently distracted during lectures.,6,Average,56.0
2818,7.9,92.9,74.8,Demonstrates great understanding of core concepts and active participant and eager to learn.,7,Average,88.5
2819,6.6,92.8,95.7,Highly engaged in class discussions and shows excellent analytical thinking.,9,Average,89.2
2820,4.4,79.1,69.8,Consistently submits assignments on time.,4,Average,73.0
2821,2.9,74.0,90.6,Outstanding performance this semester.,9,Average,70.4
2822,2.1,74.5,66.8,Needs significant improvement in fundamentals.,8,Dropout Risk,52.6
2823,6.5,92.2,82.5,Outstanding performance this semester and consistently submits assignments on time.,8,Average,82.1
2824,8.0,73.1,83.9,Outstanding performance this semester and demonstrates great understanding of core concepts.,7,Average,76.4
2825,6.8,68.4,50.4,Shows excellent analytical thinking but needs significant improvement in fundamentals.,5,Average,63.9
2826,5.8,63.4,61.7,Demonstrates great understanding of core concepts but inconsistent attendance affecting performance.,5,Average,69.5
2827,1.4,78.7,78.2,Outstanding performance this semester but struggling with algebra concepts.,0,Average,63.1
2828,9.7,79.3,44.2,Demonstrates great understanding of core concepts but needs significant improvement in fundamentals.,5,Average,82.5
2829,8.2,93.6,61.7,Consistently submits assignments on time and shows excellent analytical thinking.,3,Average,79.9
2830,3.6,68.8,72.1,Consistently submits assignments on time.,3,Average,68.9
2831,9.8,75.2,99.8,Outstanding performance this semester and shows excellent analytical thinking.,1,Top 5%,95.9
2832,6.4,92.3,68.5,Shows excellent analytical thinking and highly engaged in class discussions.,3,Average,84.9
2833,6.2,92.9,89.0,Outstanding performance this semester and shows excellent analytical thinking.,4,Average,85.2
2834,7.7,75.4,65.9,Shows excellent analytical thinking.,4,Average,79.6
2835,8.3,78.4,87.8,Demonstrates great understanding of core concepts and outstanding performance this semester.,4,Top 5%,95.1
2836,6.9,72.1,75.7,Demonstrates great understanding of core concepts and outstanding performance this semester.,3,Average,75.1
2837,2.2,97.3,93.2,Consistently submits assignments on time and outstanding performance this semester.,0,Average,75.1
2838,4.0,64.7,64.7,Inconsistent attendance affecting performance.,9,Average,65.9
2839,9.4,97.3,76.3,Demonstrates great understanding of core concepts and outstanding performance this semester.,7,Average,91.8
2840,3.0,87.4,77.8,Highly engaged in class discussions and outstanding performance this semester.,2,Average,61.3
2841,4.3,81.3,65.0,Active participant and eager to learn.,1,Average,76.3
2842,4.9,61.3,48.7,Finds it difficult to keep up with the pace and needs significant improvement in fundamentals.,8,Dropout Risk,52.6
2843,5.0,79.0,45.6,Frequently distracted during lectures.,6,Average,60.1
2844,6.5,76.3,41.0,Shows excellent analytical thinking but needs significant improvement in fundamentals.,8,Average,67.9
2845,9.5,66.4,92.4,Outstanding performance this semester and shows excellent analytical thinking.,1,Average,87.1
2846,3.2,86.3,54.2,Frequently distracted during lectures but highly engaged in class discussions.,8,Dropout Risk,53.6
2847,2.1,98.8,52.7,Consistently submits assignments on time but frequently distracted during lectures.,9,Average,59.3
2848,2.8,82.5,84.2,Consistently submits assignments on time and outstanding performance this semester.,8,Average,59.2
2849,9.0,88.6,59.2,Demonstrates great understanding of core concepts and active participant and eager to learn.,8,Average,80.3
2850,6.8,62.7,70.4,Demonstrates great understanding of core concepts but finds it difficult to keep up with the pace.,9,Average,72.0
2851,3.6,76.7,49.8,Needs significant improvement in fundamentals.,9,Average,54.1
2852,8.3,64.7,97.6,Inconsistent attendance affecting performance but outstanding performance this semester.,3,Average,79.9
2853,8.8,84.5,91.1,Demonstrates great understanding of core concepts and outstanding performance this semester.,9,Top 5%,100.0
2854,8.6,97.5,91.8,Active participant and eager to learn and outstanding performance this semester.,2,Top 5%,96.7
2855,9.3,86.5,64.4,Demonstrates great understanding of core concepts and active participant and eager to learn.,5,Average,91.3
2856,3.3,63.1,85.7,Outstanding performance this semester but finds it difficult to keep up with the pace.,2,Average,63.4
2857,7.8,74.2,48.6,Frequently distracted during lectures but demonstrates great understanding of core concepts.,8,Average,64.6
2858,5.1,82.0,40.5,Highly engaged in class discussions but frequently distracted during lectures.,2,Average,60.2
2859,8.6,76.1,41.2,Needs significant improvement in fundamentals but demonstrates great understanding of core concepts.,1,Average,68.3
2860,7.6,93.3,75.2,Active participant and eager to learn and outstanding performance this semester.,7,Average,78.6
2861,8.0,92.6,67.3,Active participant and eager to learn and demonstrates great understanding of core concepts.,5,Average,90.0
2862,6.9,84.5,71.1,Demonstrates great understanding of core concepts and consistently submits assignments on time.,7,Average,74.8
2863,2.6,74.9,40.4,Needs significant improvement in fundamentals.,6,Dropout Risk,38.5
2864,5.9,70.2,65.4,Shows excellent analytical thinking.,2,Average,74.5
2865,9.9,64.2,83.1,Finds it difficult to keep up with the pace but shows excellent analytical thinking.,7,Average,84.5
2866,9.4,74.2,66.6,Shows excellent analytical thinking.,9,Average,78.9
2867,1.4,76.5,83.9,Outstanding performance this semester but needs significant improvement in fundamentals.,0,Dropout Risk,52.6
2868,2.5,87.0,54.0,Consistently submits assignments on time but frequently distracted during lectures.,0,Average,65.1
2869,2.2,86.3,88.8,Consistently submits assignments on time and outstanding performance this semester.,9,Average,62.6
2870,7.5,62.8,75.3,Finds it difficult to keep up with the pace but outstanding performance this semester.,7,Average,75.6
2871,8.4,75.8,52.6,Demonstrates great understanding of core concepts but frequently distracted during lectures.,8,Average,77.6
2872,2.9,67.3,54.2,Needs significant improvement in fundamentals.,9,Average,54.2
2873,5.6,66.3,77.7,Shows excellent analytical thinking and outstanding performance this semester.,5,Average,70.1
2874,8.6,93.1,89.8,Consistently submits assignments on time and outstanding performance this semester.,4,Average,85.3
2875,7.6,61.7,64.9,Shows excellent analytical thinking but inconsistent attendance affecting performance.,1,Average,67.0
2876,5.9,76.8,55.5,Demonstrates great understanding of core concepts.,8,Average,66.7
2877,6.3,66.7,92.0,Demonstrates great understanding of core concepts and outstanding performance this semester.,5,Average,75.0
2878,5.6,95.2,80.2,Highly engaged in class discussions and demonstrates great understanding of core concepts.,7,Average,81.1
2879,3.7,82.3,66.9,Highly engaged in class discussions.,8,Average,67.7
2880,6.1,69.3,69.3,Demonstrates great understanding of core concepts.,8,Average,74.6
2881,7.2,80.1,52.3,Consistently submits assignments on time but needs significant improvement in fundamentals.,7,Average,64.0
2882,8.9,89.3,77.6,Shows excellent analytical thinking and outstanding performance this semester.,9,Top 5%,99.8
2883,6.7,98.3,61.5,Consistently submits assignments on time and shows excellent analytical thinking.,7,Average,81.5
2884,7.9,68.8,99.7,Shows excellent analytical thinking and outstanding performance this semester.,2,Average,88.0
2885,2.4,95.4,68.8,Active participant and eager to learn.,2,Average,70.1
2886,5.2,97.4,69.2,Consistently submits assignments on time and demonstrates great understanding of core concepts.,1,Average,86.7
2887,1.1,96.7,74.0,Active participant and eager to learn but struggling with algebra concepts.,0,Average,55.2
2888,3.2,85.4,95.0,Outstanding performance this semester and consistently submits assignments on time.,3,Average,73.8
2889,7.5,85.2,88.0,Demonstrates great understanding of core concepts and outstanding performance this semester.,1,Average,75.3
2890,9.9,76.1,67.1,Shows excellent analytical thinking.,1,Average,85.4
2891,1.9,90.1,83.1,Struggling with algebra concepts but highly engaged in class discussions.,4,Average,68.7
2892,4.6,81.3,75.2,Outstanding performance this semester and highly engaged in class discussions.,3,Average,70.4
2893,8.2,87.1,69.5,Active participant and eager to learn and shows excellent analytical thinking.,0,Average,79.4
2894,2.8,77.1,51.5,Frequently distracted during lectures.,8,Dropout Risk,43.4
2895,6.0,89.3,67.8,Consistently submits assignments on time and shows excellent analytical thinking.,3,Average,76.8
2896,7.6,93.0,54.7,Needs significant improvement in fundamentals but demonstrates great understanding of core concepts.,4,Average,83.7
2897,6.5,65.9,94.9,Outstanding performance this semester and demonstrates great understanding of core concepts.,6,Average,77.7
2898,2.7,93.3,60.1,Active participant and eager to learn.,1,Average,63.7
2899,4.2,81.6,97.1,Outstanding performance this semester and highly engaged in class discussions.,7,Average,70.2
2900,8.1,93.8,72.0,Demonstrates great understanding of core concepts and active participant and eager to learn.,1,Average,87.4
2901,6.0,77.3,77.9,Outstanding performance this semester and shows excellent analytical thinking.,9,Average,73.3
2902,1.0,75.2,72.6,Needs significant improvement in fundamentals.,4,Dropout Risk,51.4
2903,7.8,96.6,47.8,Frequently distracted during lectures but demonstrates great understanding of core concepts.,1,Average,71.8
2904,1.3,70.0,62.5,Struggling with algebra concepts.,1,Dropout Risk,48.7
2905,7.7,93.8,45.9,Highly engaged in class discussions but frequently distracted during lectures.,3,Average,75.4
2906,2.8,79.4,77.4,Outstanding performance this semester.,3,Average,58.1
2907,9.6,80.6,66.8,Shows excellent analytical thinking and active participant and eager to learn.,7,Average,82.6
2908,4.3,72.3,86.7,Outstanding performance this semester.,5,Average,71.3
2909,3.9,82.9,53.2,Frequently distracted during lectures but consistently submits assignments on time.,9,Average,54.5
2910,2.3,73.0,49.9,Frequently distracted during lectures.,7,Average,59.0
2911,3.8,61.6,64.4,Finds it difficult to keep up with the pace.,6,Dropout Risk,53.1
2912,8.9,70.9,95.6,Outstanding performance this semester and demonstrates great understanding of core concepts.,9,Average,87.3
2913,10.0,60.3,82.6,Shows excellent analytical thinking but inconsistent attendance affecting performance.,3,Average,81.1
2914,4.3,99.1,65.1,Highly engaged in class discussions.,1,Average,79.9
2915,5.0,98.6,71.0,Demonstrates great understanding of core concepts and consistently submits assignments on time.,8,Average,78.4
2916,7.5,75.8,45.1,Frequently distracted during lectures but shows excellent analytical thinking.,1,Average,62.3
2917,9.0,89.1,99.1,Consistently submits assignments on time and outstanding performance this semester.,0,Top 5%,100.0
2918,6.3,73.8,80.0,Outstanding performance this semester and demonstrates great understanding of core concepts.,7,Average,77.3
2919,4.5,86.8,57.1,Highly engaged in class discussions.,9,Average,66.0
2920,4.7,92.2,75.1,Consistently submits assignments on time and outstanding performance this semester.,8,Average,72.5
2921,7.3,97.9,46.6,Consistently submits assignments on time but needs significant improvement in fundamentals.,0,Average,69.7
2922,1.0,76.0,98.0,Struggling with algebra concepts but outstanding performance this semester.,6,Average,67.3
2923,6.6,91.3,50.5,Consistently submits assignments on time but needs significant improvement in fundamentals.,1,Average,67.9
2924,4.2,70.6,78.9,Outstanding performance this semester.,5,Average,76.5
2925,8.1,99.6,54.7,Consistently submits assignments on time but needs significant improvement in fundamentals.,4,Average,73.9
2926,1.8,61.0,83.1,Struggling with algebra concepts but outstanding performance this semester.,0,Average,65.6
2927,6.3,84.1,86.6,Consistently submits assignments on time and outstanding performance this semester.,1,Average,81.4
2928,5.3,86.4,80.4,Highly engaged in class discussions and outstanding performance this semester.,1,Average,78.2
2929,6.8,87.5,76.9,Outstanding performance this semester and demonstrates great understanding of core concepts.,9,Average,84.9
2930,1.6,64.8,93.5,Outstanding performance this semester but finds it difficult to keep up with the pace.,9,Average,59.3
2931,6.2,97.5,44.7,Shows excellent analytical thinking but frequently distracted during lectures.,5,Average,73.2
2932,6.1,67.2,59.9,Shows excellent analytical thinking.,0,Dropout Risk,51.8
2933,6.0,84.9,54.9,Highly engaged in class discussions but needs significant improvement in fundamentals.,3,Average,65.0
2934,6.4,68.9,99.3,Demonstrates great understanding of core concepts and outstanding performance this semester.,9,Average,78.3
2935,7.1,72.3,63.4,Shows excellent analytical thinking.,4,Average,65.6
2936,8.2,81.9,84.0,Consistently submits assignments on time and shows excellent analytical thinking.,1,Average,85.9
2937,3.4,76.7,81.1,Outstanding performance this semester.,1,Average,69.4
2938,8.4,66.4,52.7,Demonstrates great understanding of core concepts but needs significant improvement in fundamentals.,6,Average,74.0
2939,5.5,66.8,54.3,Frequently distracted during lectures but demonstrates great understanding of core concepts.,6,Average,62.2
2940,1.7,76.7,56.9,Struggling with algebra concepts.,5,Dropout Risk,48.4
2941,1.5,90.3,64.7,Needs significant improvement in fundamentals but active participant and eager to learn.,0,Average,60.1
2942,4.0,95.9,54.1,Frequently distracted during lectures but consistently submits assignments on time.,2,Average,65.0
2943,8.1,63.4,41.2,Shows excellent analytical thinking but finds it difficult to keep up with the pace.,8,Average,68.4
2944,7.4,75.7,92.8,Demonstrates great understanding of core concepts and outstanding performance this semester.,9,Average,89.5
2945,8.1,64.0,97.9,Demonstrates great understanding of core concepts but inconsistent attendance affecting performance.,0,Average,86.9
2946,5.7,60.7,60.5,Shows excellent analytical thinking but finds it difficult to keep up with the pace.,1,Average,57.7
2947,5.0,86.5,60.3,Active participant and eager to learn.,7,Average,64.2
2948,2.3,84.1,40.4,Consistently submits assignments on time but needs significant improvement in fundamentals.,6,Dropout Risk,46.8
2949,4.0,66.5,80.8,Outstanding performance this semester.,8,Average,64.5
2950,4.9,69.4,89.5,Outstanding performance this semester.,9,Average,75.1
2951,1.8,60.9,48.8,Finds it difficult to keep up with the pace and needs significant improvement in fundamentals.,3,Dropout Risk,47.7
2952,3.0,93.4,49.6,Highly engaged in class discussions but needs significant improvement in fundamentals.,3,Average,58.0
2953,6.4,99.0,87.4,Shows excellent analytical thinking and outstanding performance this semester.,6,Average,87.1
2954,7.6,65.4,77.0,Outstanding performance this semester and demonstrates great understanding of core concepts.,0,Average,77.8
2955,10.0,69.3,42.7,Needs significant improvement in fundamentals but demonstrates great understanding of core concepts.,9,Average,70.2
2956,9.4,94.7,77.4,Demonstrates great understanding of core concepts and outstanding performance this semester.,8,Average,87.6
2957,6.8,97.1,58.5,Active participant and eager to learn and shows excellent analytical thinking.,1,Average,67.5
2958,4.8,76.8,62.1,Needs significant improvement in fundamentals.,0,Average,61.2
2959,6.7,62.0,86.2,Outstanding performance this semester but inconsistent attendance affecting performance.,6,Average,79.0
2960,8.1,61.6,88.7,Inconsistent attendance affecting performance but outstanding performance this semester.,5,Average,78.7
2961,2.1,83.0,64.0,Highly engaged in class discussions.,2,Average,56.5
2962,4.7,75.7,96.8,Outstanding performance this semester.,0,Average,80.2
2963,8.6,61.1,64.4,Demonstrates great understanding of core concepts but inconsistent attendance affecting performance.,4,Average,76.7
2964,4.5,83.3,86.3,Outstanding performance this semester and consistently submits assignments on time.,9,Average,69.7
2965,6.1,60.5,69.0,Finds it difficult to keep up with the pace but demonstrates great understanding of core concepts.,3,Average,72.2
2966,6.3,91.5,93.9,Demonstrates great understanding of core concepts and active participant and eager to learn.,4,Top 5%,92.6
2967,2.7,72.3,94.5,Outstanding performance this semester.,0,Average,63.1
2968,4.3,61.6,45.2,Needs significant improvement in fundamentals and finds it difficult to keep up with the pace.,0,Dropout Risk,47.4
2969,4.0,83.5,96.2,Outstanding performance this semester and consistently submits assignments on time.,4,Average,83.5
2970,1.2,75.9,89.5,Struggling with algebra concepts but outstanding performance this semester.,5,Average,62.2
2971,1.2,99.0,87.5,Needs significant improvement in fundamentals but outstanding performance this semester.,4,Average,57.8
2972,8.5,81.8,52.1,Highly engaged in class discussions but frequently distracted during lectures.,1,Average,68.1
2973,3.5,71.0,88.3,Outstanding performance this semester.,8,Average,67.5
2974,5.7,88.4,91.0,Demonstrates great understanding of core concepts and outstanding performance this semester.,4,Average,76.9
2975,3.7,70.9,57.3,Needs significant improvement in fundamentals but highly engaged in class discussions.,4,Average,55.0
2976,9.5,96.2,97.1,Outstanding performance this semester and consistently submits assignments on time.,9,Top 5%,100.0
2977,3.3,75.0,43.0,Frequently distracted during lectures.,8,Average,58.7
2978,4.9,82.0,49.0,Frequently distracted during lectures but active participant and eager to learn.,2,Average,59.8
2979,8.9,62.0,72.3,Shows excellent analytical thinking but inconsistent attendance affecting performance.,4,Average,83.9
2980,8.6,77.0,74.5,Shows excellent analytical thinking.,4,Average,90.1
2981,2.7,93.3,78.7,Highly engaged in class discussions and outstanding performance this semester.,1,Average,76.0
2982,8.2,92.2,41.0,Highly engaged in class discussions but frequently distracted during lectures.,3,Average,74.3
2983,5.1,69.0,97.6,Outstanding performance this semester and demonstrates great understanding of core concepts.,1,Average,67.9
2984,5.3,69.0,42.7,Demonstrates great understanding of core concepts but frequently distracted during lectures.,4,Average,58.8
2985,2.2,92.7,48.6,Consistently submits assignments on time but frequently distracted during lectures.,9,Average,60.2
2986,1.7,97.2,40.8,Consistently submits assignments on time but frequently distracted during lectures.,1,Dropout Risk,51.1
2987,7.6,63.8,74.0,Finds it difficult to keep up with the pace but shows excellent analytical thinking.,9,Average,83.9
2988,5.5,78.0,95.9,Outstanding performance this semester and shows excellent analytical thinking.,8,Average,85.2
2989,4.9,73.5,80.0,Outstanding performance this semester.,9,Average,74.1
2990,7.6,94.8,89.4,Shows excellent analytical thinking and outstanding performance this semester.,5,Top 5%,96.1
2991,7.9,63.3,40.8,Demonstrates great understanding of core concepts but needs significant improvement in fundamentals.,7,Average,64.6
2992,2.4,68.4,72.5,Inconsistent attendance affecting performance.,8,Dropout Risk,45.6
2993,6.5,90.1,67.6,Demonstrates great understanding of core concepts and active participant and eager to learn.,7,Average,74.3
2994,2.2,62.1,69.9,Finds it difficult to keep up with the pace.,4,Average,60.3
2995,7.8,79.7,44.3,Needs significant improvement in fundamentals but shows excellent analytical thinking.,4,Average,64.8
2996,6.9,77.7,81.1,Demonstrates great understanding of core concepts and outstanding performance this semester.,5,Average,78.8
2997,9.6,73.4,70.2,Shows excellent analytical thinking.,0,Average,78.5
2998,1.6,75.8,85.9,Outstanding performance this semester but struggling with algebra concepts.,7,Average,71.7
2999,1.5,81.2,69.1,Struggling with algebra concepts but consistently submits assignments on time.,1,Average,65.7
3000,3.5,66.5,49.0,Needs significant improvement in fundamentals.,5,Dropout Risk,47.5
